ISO-10303-21;
HEADER;
/* Generated by software containing ST-Developer
 * from STEP Tools, Inc. (www.steptools.com) 
 */

FILE_DESCRIPTION(
/* description */ (''),
/* implementation_level */ '2;1');

FILE_NAME(
/* name */ 'DMF 2139 sector big gear.stp',
/* time_stamp */ '2026-06-04T11:36:45+03:00',
/* author */ ('admin'),
/* organization */ (''),
/* preprocessor_version */ 'ST-DEVELOPER v20.1',
/* originating_system */ 'Autodesk Inventor 2026',
/* authorisation */ '');

FILE_SCHEMA (('AUTOMOTIVE_DESIGN { 1 0 10303 214 3 1 1 }'));
ENDSEC;

DATA;
#10=MECHANICAL_DESIGN_GEOMETRIC_PRESENTATION_REPRESENTATION('',(#13),#1318);
#11=SHAPE_REPRESENTATION_RELATIONSHIP('SRR','None',#1325,#12);
#12=ADVANCED_BREP_SHAPE_REPRESENTATION('',(#14),#1317);
#13=STYLED_ITEM('',(#1334),#14);
#14=MANIFOLD_SOLID_BREP('Solid1',#299);
#15=FACE_BOUND('',#63,.T.);
#16=FACE_BOUND('',#64,.T.);
#17=FACE_BOUND('',#69,.T.);
#18=FACE_BOUND('',#70,.T.);
#19=B_SPLINE_SURFACE_WITH_KNOTS('',3,1,((#459,#460),(#461,#462),(#463,#464),
(#465,#466),(#467,#468),(#469,#470),(#471,#472),(#473,#474),(#475,#476),
(#477,#478),(#479,#480),(#481,#482),(#483,#484),(#485,#486),(#487,#488),
(#489,#490),(#491,#492),(#493,#494),(#495,#496),(#497,#498),(#499,#500),
(#501,#502),(#503,#504),(#505,#506),(#507,#508),(#509,#510),(#511,#512),
(#513,#514),(#515,#516),(#517,#518),(#519,#520),(#521,#522),(#523,#524),
(#525,#526),(#527,#528),(#529,#530),(#531,#532),(#533,#534),(#535,#536),
(#537,#538),(#539,#540)),.UNSPECIFIED.,.F.,.F.,.F.,(4,1,1,1,1,1,1,1,1,1,
1,1,1,1,1,1,1,1,1,1,1,1,1,1,1,1,1,1,1,1,1,1,1,1,1,1,1,1,4),(2,2),(-6.68137656094221,
-6.26376297951959,-5.84614968947947,-5.42853689395138,-5.01092486469004,
-4.59331365116858,-4.17570366416786,-4.07131113580062,-3.96700803178031,
-3.91479815369,-3.86261814536668,-3.81043727258676,-3.75824625688639,-3.70604959406611,
-3.65385256472269,-3.60167810779162,-3.54948679899665,-3.49728223439027,
-3.44509212359699,-3.34068828047111,-3.23628443734523,-3.18409432655194,
-3.13188976194556,-3.07969845315058,-3.02752399621954,-2.97532696687613,
-2.92313030405579,-2.87093928835545,-2.81875841557553,-2.7665784072522,
-2.71436852916187,-2.61006542514158,-2.50567289677433,-2.0880629097736,
-1.67045169625211,-1.25283966699086,-0.835226871462703,-0.417613581422611,
0.),(0.,3.75),.UNSPECIFIED.);
#20=B_SPLINE_SURFACE_WITH_KNOTS('',3,1,((#819,#820),(#821,#822),(#823,#824),
(#825,#826),(#827,#828),(#829,#830),(#831,#832),(#833,#834),(#835,#836),
(#837,#838),(#839,#840),(#841,#842),(#843,#844),(#845,#846),(#847,#848),
(#849,#850),(#851,#852),(#853,#854),(#855,#856),(#857,#858),(#859,#860),
(#861,#862),(#863,#864),(#865,#866),(#867,#868),(#869,#870),(#871,#872),
(#873,#874),(#875,#876),(#877,#878),(#879,#880),(#881,#882),(#883,#884),
(#885,#886),(#887,#888),(#889,#890),(#891,#892),(#893,#894),(#895,#896),
(#897,#898),(#899,#900)),.UNSPECIFIED.,.F.,.F.,.F.,(4,1,1,1,1,1,1,1,1,1,
1,1,1,1,1,1,1,1,1,1,1,1,1,1,1,1,1,1,1,1,1,1,1,1,1,1,1,1,4),(2,2),(-6.68137656094221,
-6.26376297951959,-5.84614968947947,-5.42853689395138,-5.01092486469004,
-4.59331365116858,-4.17570366416786,-4.07131113580062,-3.96700803178031,
-3.91479815369,-3.86261814536668,-3.81043727258676,-3.75824625688639,-3.70604959406611,
-3.65385256472269,-3.60167810779162,-3.54948679899665,-3.49728223439027,
-3.44509212359699,-3.34068828047111,-3.23628443734523,-3.18409432655194,
-3.13188976194556,-3.07969845315058,-3.02752399621954,-2.97532696687613,
-2.92313030405579,-2.87093928835545,-2.81875841557553,-2.7665784072522,
-2.71436852916187,-2.61006542514158,-2.50567289677433,-2.0880629097736,
-1.67045169625211,-1.25283966699086,-0.835226871462703,-0.417613581422611,
0.),(0.,3.75),.UNSPECIFIED.);
#21=B_SPLINE_SURFACE_WITH_KNOTS('',3,1,((#946,#947),(#948,#949),(#950,#951),
(#952,#953),(#954,#955),(#956,#957),(#958,#959),(#960,#961),(#962,#963),
(#964,#965),(#966,#967),(#968,#969),(#970,#971),(#972,#973),(#974,#975),
(#976,#977),(#978,#979),(#980,#981),(#982,#983),(#984,#985),(#986,#987),
(#988,#989),(#990,#991),(#992,#993),(#994,#995),(#996,#997),(#998,#999),
(#1000,#1001),(#1002,#1003),(#1004,#1005),(#1006,#1007),(#1008,#1009),(#1010,
#1011),(#1012,#1013),(#1014,#1015),(#1016,#1017),(#1018,#1019),(#1020,#1021),
(#1022,#1023),(#1024,#1025),(#1026,#1027)),.UNSPECIFIED.,.F.,.F.,.F.,(4,
1,1,1,1,1,1,1,1,1,1,1,1,1,1,1,1,1,1,1,1,1,1,1,1,1,1,1,1,1,1,1,1,1,1,1,1,
1,4),(2,2),(-6.68137656094221,-6.26376297951959,-5.84614968947947,-5.42853689395138,
-5.01092486469004,-4.59331365116858,-4.17570366416786,-4.07131113580062,
-3.96700803178031,-3.91479815369,-3.86261814536668,-3.81043727258676,-3.75824625688639,
-3.70604959406611,-3.65385256472269,-3.60167810779162,-3.54948679899665,
-3.49728223439027,-3.44509212359699,-3.34068828047111,-3.23628443734523,
-3.18409432655194,-3.13188976194556,-3.07969845315058,-3.02752399621954,
-2.97532696687613,-2.92313030405579,-2.87093928835545,-2.81875841557553,
-2.7665784072522,-2.71436852916187,-2.61006542514158,-2.50567289677433,
-2.0880629097736,-1.67045169625211,-1.25283966699086,-0.835226871462703,
-0.417613581422611,0.),(0.,3.75),.UNSPECIFIED.);
#22=B_SPLINE_SURFACE_WITH_KNOTS('',3,1,((#1052,#1053),(#1054,#1055),(#1056,
#1057),(#1058,#1059),(#1060,#1061),(#1062,#1063),(#1064,#1065),(#1066,#1067),
(#1068,#1069),(#1070,#1071),(#1072,#1073),(#1074,#1075),(#1076,#1077),(#1078,
#1079),(#1080,#1081),(#1082,#1083),(#1084,#1085),(#1086,#1087),(#1088,#1089),
(#1090,#1091),(#1092,#1093),(#1094,#1095),(#1096,#1097),(#1098,#1099),(#1100,
#1101),(#1102,#1103),(#1104,#1105),(#1106,#1107),(#1108,#1109),(#1110,#1111),
(#1112,#1113),(#1114,#1115),(#1116,#1117),(#1118,#1119),(#1120,#1121),(#1122,
#1123),(#1124,#1125),(#1126,#1127),(#1128,#1129),(#1130,#1131),(#1132,#1133)),
 .UNSPECIFIED.,.F.,.F.,.F.,(4,1,1,1,1,1,1,1,1,1,1,1,1,1,1,1,1,1,1,1,1,1,
1,1,1,1,1,1,1,1,1,1,1,1,1,1,1,1,4),(2,2),(-6.68137656094221,-6.26376297951959,
-5.84614968947947,-5.42853689395138,-5.01092486469004,-4.59331365116858,
-4.17570366416786,-4.07131113580062,-3.96700803178031,-3.91479815369,-3.86261814536668,
-3.81043727258676,-3.75824625688639,-3.70604959406611,-3.65385256472269,
-3.60167810779162,-3.54948679899665,-3.49728223439027,-3.44509212359699,
-3.34068828047111,-3.23628443734523,-3.18409432655194,-3.13188976194556,
-3.07969845315058,-3.02752399621954,-2.97532696687613,-2.92313030405579,
-2.87093928835545,-2.81875841557553,-2.7665784072522,-2.71436852916187,
-2.61006542514158,-2.50567289677433,-2.0880629097736,-1.67045169625211,
-1.25283966699086,-0.835226871462703,-0.417613581422611,0.),(0.,3.75),
 .UNSPECIFIED.);
#23=B_SPLINE_SURFACE_WITH_KNOTS('',3,1,((#1233,#1234),(#1235,#1236),(#1237,
#1238),(#1239,#1240),(#1241,#1242),(#1243,#1244),(#1245,#1246),(#1247,#1248),
(#1249,#1250),(#1251,#1252),(#1253,#1254),(#1255,#1256),(#1257,#1258),(#1259,
#1260),(#1261,#1262),(#1263,#1264),(#1265,#1266),(#1267,#1268),(#1269,#1270),
(#1271,#1272),(#1273,#1274),(#1275,#1276),(#1277,#1278),(#1279,#1280),(#1281,
#1282),(#1283,#1284),(#1285,#1286),(#1287,#1288),(#1289,#1290),(#1291,#1292),
(#1293,#1294),(#1295,#1296),(#1297,#1298),(#1299,#1300),(#1301,#1302),(#1303,
#1304),(#1305,#1306),(#1307,#1308),(#1309,#1310),(#1311,#1312),(#1313,#1314)),
 .UNSPECIFIED.,.F.,.F.,.F.,(4,1,1,1,1,1,1,1,1,1,1,1,1,1,1,1,1,1,1,1,1,1,
1,1,1,1,1,1,1,1,1,1,1,1,1,1,1,1,4),(2,2),(-6.68137656094221,-6.26376297951959,
-5.84614968947947,-5.42853689395138,-5.01092486469004,-4.59331365116858,
-4.17570366416786,-4.07131113580062,-3.96700803178031,-3.91479815369,-3.86261814536668,
-3.81043727258676,-3.75824625688639,-3.70604959406611,-3.65385256472269,
-3.60167810779162,-3.54948679899665,-3.49728223439027,-3.44509212359699,
-3.34068828047111,-3.23628443734523,-3.18409432655194,-3.13188976194556,
-3.07969845315058,-3.02752399621954,-2.97532696687613,-2.92313030405579,
-2.87093928835545,-2.81875841557553,-2.7665784072522,-2.71436852916187,
-2.61006542514158,-2.50567289677433,-2.0880629097736,-1.67045169625211,
-1.25283966699086,-0.835226871462703,-0.417613581422611,0.),(0.,3.75),
 .UNSPECIFIED.);
#24=B_SPLINE_CURVE_WITH_KNOTS('',3,(#433,#434,#435,#436,#437,#438),
 .UNSPECIFIED.,.F.,.F.,(4,2,4),(-2.5,-1.25,0.),.UNSPECIFIED.);
#25=B_SPLINE_CURVE_WITH_KNOTS('',3,(#453,#454,#455,#456,#457,#458),
 .UNSPECIFIED.,.F.,.F.,(4,2,4),(-2.5,-1.25,0.),.UNSPECIFIED.);
#26=B_SPLINE_CURVE_WITH_KNOTS('',3,(#542,#543,#544,#545,#546,#547,#548,
#549,#550,#551,#552,#553,#554,#555,#556,#557,#558,#559,#560,#561,#562,#563),
 .UNSPECIFIED.,.F.,.F.,(4,1,1,1,1,1,1,1,1,1,1,1,1,1,1,1,1,1,1,4),(0.,0.417613581422611,
0.835226871462703,1.25283966699086,1.67045169625211,2.0880629097736,2.50567289677433,
2.61006542514158,2.71436852916187,2.7665784072522,2.81875841557553,2.87093928835545,
2.92313030405579,2.97532696687613,3.02752399621954,3.07969845315058,3.13188976194556,
3.18409432655194,3.23628443734523,3.34068828047111),.UNSPECIFIED.);
#27=B_SPLINE_CURVE_WITH_KNOTS('',3,(#566,#567,#568,#569,#570,#571,#572,
#573,#574,#575,#576,#577,#578,#579,#580,#581,#582,#583,#584,#585,#586,#587),
 .UNSPECIFIED.,.F.,.F.,(4,1,1,1,1,1,1,1,1,1,1,1,1,1,1,1,1,1,1,4),(-3.34068828047111,
-3.23628443734523,-3.18409432655194,-3.13188976194556,-3.07969845315058,
-3.02752399621954,-2.97532696687613,-2.92313030405579,-2.87093928835545,
-2.81875841557553,-2.7665784072522,-2.71436852916187,-2.61006542514158,
-2.50567289677433,-2.0880629097736,-1.67045169625211,-1.25283966699086,
-0.835226871462703,-0.417613581422611,0.),.UNSPECIFIED.);
#28=B_SPLINE_CURVE_WITH_KNOTS('',3,(#590,#591,#592,#593,#594,#595,#596,
#597,#598,#599,#600,#601,#602,#603,#604,#605,#606,#607,#608,#609,#610,#611),
 .UNSPECIFIED.,.F.,.F.,(4,1,1,1,1,1,1,1,1,1,1,1,1,1,1,1,1,1,1,4),(3.34068828047111,
3.44509212359699,3.49728223439027,3.54948679899665,3.60167810779162,3.65385256472269,
3.70604959406611,3.75824625688639,3.81043727258676,3.86261814536668,3.91479815369,
3.96700803178031,4.07131113580062,4.17570366416786,4.59331365116858,5.01092486469004,
5.42853689395138,5.84614968947947,6.26376297951959,6.68137656094221),
 .UNSPECIFIED.);
#29=B_SPLINE_CURVE_WITH_KNOTS('',3,(#615,#616,#617,#618,#619,#620,#621,
#622,#623,#624,#625,#626,#627,#628,#629,#630,#631,#632,#633,#634,#635,#636,
#637,#638,#639,#640,#641,#642,#643,#644,#645,#646,#647,#648,#649,#650,#651,
#652,#653,#654,#655),.UNSPECIFIED.,.F.,.F.,(4,1,1,1,1,1,1,1,1,1,1,1,1,1,
1,1,1,1,1,1,1,1,1,1,1,1,1,1,1,1,1,1,1,1,1,1,1,1,4),(0.,0.417613581422611,
0.835226871462703,1.25283966699086,1.67045169625211,2.0880629097736,2.50567289677433,
2.61006542514158,2.71436852916187,2.7665784072522,2.81875841557553,2.87093928835545,
2.92313030405579,2.97532696687613,3.02752399621954,3.07969845315058,3.13188976194556,
3.18409432655194,3.23628443734523,3.34068828047111,3.44509212359699,3.49728223439027,
3.54948679899665,3.60167810779162,3.65385256472269,3.70604959406611,3.75824625688639,
3.81043727258676,3.86261814536668,3.91479815369,3.96700803178031,4.07131113580062,
4.17570366416786,4.59331365116858,5.01092486469004,5.42853689395138,5.84614968947947,
6.26376297951959,6.68137656094221),.UNSPECIFIED.);
#30=B_SPLINE_CURVE_WITH_KNOTS('',3,(#659,#660,#661,#662,#663,#664,#665,
#666,#667,#668,#669,#670,#671,#672,#673,#674,#675,#676,#677,#678,#679,#680,
#681,#682,#683,#684,#685,#686,#687,#688,#689,#690,#691,#692,#693,#694,#695,
#696,#697,#698,#699,#700,#701,#702,#703,#704,#705,#706,#707,#708,#709,#710,
#711,#712,#713,#714,#715,#716,#717,#718,#719,#720,#721,#722,#723,#724,#725,
#726,#727,#728,#729,#730,#731,#732,#733,#734,#735,#736,#737,#738,#739,#740,
#741,#742,#743,#744,#745,#746,#747,#748,#749,#750,#751,#752,#753,#754,#755,
#756,#757,#758,#759,#760,#761,#762,#763,#764,#765,#766,#767,#768,#769,#770,
#771,#772,#773),.UNSPECIFIED.,.F.,.F.,(4,3,3,3,3,3,3,3,3,3,3,3,3,3,3,3,
3,3,3,3,3,3,3,3,3,3,3,3,3,3,3,3,3,3,3,3,3,3,4),(0.,0.342158958307415,0.684317677879444,
1.02647599228819,1.36863367887951,1.71079069711932,2.05294671044673,2.13847754648788,
2.22393511541617,2.26671168757623,2.30946378685318,2.35221659439629,2.39497771223207,
2.43774345686349,2.48050950179441,2.5232570527073,2.56601841068124,2.60879062940019,
2.65155100582796,2.7370911122717,2.82263121871544,2.86539159514321,2.90816381386216,
2.95092517183609,2.99367272274901,3.03643876767993,3.0792045123113,3.12196563014711,
3.16471843769022,3.20747053696716,3.2502471091272,3.33570467805551,3.42123551409665,
3.76339152742405,4.10554854566384,4.44770623225523,4.78986454666392,5.13202326623597,
5.4741822245434),.UNSPECIFIED.);
#31=B_SPLINE_CURVE_WITH_KNOTS('',3,(#777,#778,#779,#780,#781,#782,#783,
#784,#785,#786,#787,#788,#789,#790,#791,#792,#793,#794,#795,#796,#797,#798,
#799,#800,#801,#802,#803,#804,#805,#806,#807,#808,#809,#810,#811,#812,#813,
#814,#815,#816,#817),.UNSPECIFIED.,.F.,.F.,(4,1,1,1,1,1,1,1,1,1,1,1,1,1,
1,1,1,1,1,1,1,1,1,1,1,1,1,1,1,1,1,1,1,1,1,1,1,1,4),(0.,0.417613581422611,
0.835226871462703,1.25283966699086,1.67045169625211,2.0880629097736,2.50567289677433,
2.61006542514158,2.71436852916187,2.7665784072522,2.81875841557553,2.87093928835545,
2.92313030405579,2.97532696687613,3.02752399621954,3.07969845315058,3.13188976194556,
3.18409432655194,3.23628443734523,3.34068828047111,3.44509212359699,3.49728223439027,
3.54948679899665,3.60167810779162,3.65385256472269,3.70604959406611,3.75824625688639,
3.81043727258676,3.86261814536668,3.91479815369,3.96700803178031,4.07131113580062,
4.17570366416786,4.59331365116858,5.01092486469004,5.42853689395138,5.84614968947947,
6.26376297951959,6.68137656094221),.UNSPECIFIED.);
#32=B_SPLINE_CURVE_WITH_KNOTS('',3,(#904,#905,#906,#907,#908,#909,#910,
#911,#912,#913,#914,#915,#916,#917,#918,#919,#920,#921,#922,#923,#924,#925,
#926,#927,#928,#929,#930,#931,#932,#933,#934,#935,#936,#937,#938,#939,#940,
#941,#942,#943,#944),.UNSPECIFIED.,.F.,.F.,(4,1,1,1,1,1,1,1,1,1,1,1,1,1,
1,1,1,1,1,1,1,1,1,1,1,1,1,1,1,1,1,1,1,1,1,1,1,1,4),(-6.68137656094221,-6.26376297951959,
-5.84614968947947,-5.42853689395138,-5.01092486469004,-4.59331365116858,
-4.17570366416786,-4.07131113580062,-3.96700803178031,-3.91479815369,-3.86261814536668,
-3.81043727258676,-3.75824625688639,-3.70604959406611,-3.65385256472269,
-3.60167810779162,-3.54948679899665,-3.49728223439027,-3.44509212359699,
-3.34068828047111,-3.23628443734523,-3.18409432655194,-3.13188976194556,
-3.07969845315058,-3.02752399621954,-2.97532696687613,-2.92313030405579,
-2.87093928835545,-2.81875841557553,-2.7665784072522,-2.71436852916187,
-2.61006542514158,-2.50567289677433,-2.0880629097736,-1.67045169625211,
-1.25283966699086,-0.835226871462703,-0.417613581422611,0.),
 .UNSPECIFIED.);
#33=B_SPLINE_CURVE_WITH_KNOTS('',3,(#1029,#1030,#1031,#1032,#1033,#1034,
#1035,#1036,#1037,#1038,#1039,#1040,#1041,#1042,#1043,#1044,#1045,#1046,
#1047,#1048,#1049,#1050),.UNSPECIFIED.,.F.,.F.,(4,1,1,1,1,1,1,1,1,1,1,1,
1,1,1,1,1,1,1,4),(-6.68137656094221,-6.26376297951959,-5.84614968947947,
-5.42853689395138,-5.01092486469004,-4.59331365116858,-4.17570366416786,
-4.07131113580062,-3.96700803178031,-3.91479815369,-3.86261814536668,-3.81043727258676,
-3.75824625688639,-3.70604959406611,-3.65385256472269,-3.60167810779162,
-3.54948679899665,-3.49728223439027,-3.44509212359699,-3.34068828047111),
 .UNSPECIFIED.);
#34=B_SPLINE_CURVE_WITH_KNOTS('',3,(#1137,#1138,#1139,#1140,#1141,#1142,
#1143,#1144,#1145,#1146,#1147,#1148,#1149,#1150,#1151,#1152,#1153,#1154,
#1155,#1156,#1157,#1158,#1159,#1160,#1161,#1162,#1163,#1164,#1165,#1166,
#1167,#1168,#1169,#1170,#1171,#1172,#1173,#1174,#1175,#1176,#1177),
 .UNSPECIFIED.,.F.,.F.,(4,1,1,1,1,1,1,1,1,1,1,1,1,1,1,1,1,1,1,1,1,1,1,1,
1,1,1,1,1,1,1,1,1,1,1,1,1,1,4),(-6.68137656094221,-6.26376297951959,-5.84614968947947,
-5.42853689395138,-5.01092486469004,-4.59331365116858,-4.17570366416786,
-4.07131113580062,-3.96700803178031,-3.91479815369,-3.86261814536668,-3.81043727258676,
-3.75824625688639,-3.70604959406611,-3.65385256472269,-3.60167810779162,
-3.54948679899665,-3.49728223439027,-3.44509212359699,-3.34068828047111,
-3.23628443734523,-3.18409432655194,-3.13188976194556,-3.07969845315058,
-3.02752399621954,-2.97532696687613,-2.92313030405579,-2.87093928835545,
-2.81875841557553,-2.7665784072522,-2.71436852916187,-2.61006542514158,
-2.50567289677433,-2.0880629097736,-1.67045169625211,-1.25283966699086,
-0.835226871462703,-0.417613581422611,0.),.UNSPECIFIED.);
#35=B_SPLINE_CURVE_WITH_KNOTS('',3,(#1184,#1185,#1186,#1187,#1188,#1189,
#1190,#1191,#1192,#1193,#1194,#1195,#1196,#1197,#1198,#1199,#1200,#1201,
#1202,#1203,#1204,#1205,#1206,#1207,#1208,#1209,#1210,#1211,#1212,#1213,
#1214,#1215,#1216,#1217,#1218,#1219,#1220,#1221,#1222,#1223,#1224),
 .UNSPECIFIED.,.F.,.F.,(4,1,1,1,1,1,1,1,1,1,1,1,1,1,1,1,1,1,1,1,1,1,1,1,
1,1,1,1,1,1,1,1,1,1,1,1,1,1,4),(-6.68137656094221,-6.26376297951959,-5.84614968947947,
-5.42853689395138,-5.01092486469004,-4.59331365116858,-4.17570366416786,
-4.07131113580062,-3.96700803178031,-3.91479815369,-3.86261814536668,-3.81043727258676,
-3.75824625688639,-3.70604959406611,-3.65385256472269,-3.60167810779162,
-3.54948679899665,-3.49728223439027,-3.44509212359699,-3.34068828047111,
-3.23628443734523,-3.18409432655194,-3.13188976194556,-3.07969845315058,
-3.02752399621954,-2.97532696687613,-2.92313030405579,-2.87093928835545,
-2.81875841557553,-2.7665784072522,-2.71436852916187,-2.61006542514158,
-2.50567289677433,-2.0880629097736,-1.67045169625211,-1.25283966699086,
-0.835226871462703,-0.417613581422611,0.),.UNSPECIFIED.);
#36=PLANE('',#328);
#37=PLANE('',#332);
#38=PLANE('',#333);
#39=PLANE('',#338);
#40=FACE_OUTER_BOUND('',#56,.T.);
#41=FACE_OUTER_BOUND('',#57,.T.);
#42=FACE_OUTER_BOUND('',#58,.T.);
#43=FACE_OUTER_BOUND('',#59,.T.);
#44=FACE_OUTER_BOUND('',#60,.T.);
#45=FACE_OUTER_BOUND('',#61,.T.);
#46=FACE_OUTER_BOUND('',#62,.T.);
#47=FACE_OUTER_BOUND('',#65,.T.);
#48=FACE_OUTER_BOUND('',#66,.T.);
#49=FACE_OUTER_BOUND('',#67,.T.);
#50=FACE_OUTER_BOUND('',#68,.T.);
#51=FACE_OUTER_BOUND('',#71,.T.);
#52=FACE_OUTER_BOUND('',#72,.T.);
#53=FACE_OUTER_BOUND('',#73,.T.);
#54=FACE_OUTER_BOUND('',#74,.T.);
#55=FACE_OUTER_BOUND('',#75,.T.);
#56=EDGE_LOOP('',(#192,#193,#194,#195));
#57=EDGE_LOOP('',(#196,#197,#198,#199));
#58=EDGE_LOOP('',(#200,#201,#202,#203));
#59=EDGE_LOOP('',(#204,#205,#206,#207));
#60=EDGE_LOOP('',(#208,#209,#210,#211));
#61=EDGE_LOOP('',(#212,#213,#214,#215));
#62=EDGE_LOOP('',(#216,#217,#218,#219,#220,#221,#222,#223,#224,#225,#226,
#227));
#63=EDGE_LOOP('',(#228));
#64=EDGE_LOOP('',(#229));
#65=EDGE_LOOP('',(#230,#231,#232,#233));
#66=EDGE_LOOP('',(#234,#235,#236,#237));
#67=EDGE_LOOP('',(#238,#239,#240,#241));
#68=EDGE_LOOP('',(#242,#243,#244,#245,#246,#247,#248,#249,#250,#251,#252,
#253));
#69=EDGE_LOOP('',(#254));
#70=EDGE_LOOP('',(#255));
#71=EDGE_LOOP('',(#256,#257,#258,#259));
#72=EDGE_LOOP('',(#260,#261,#262,#263));
#73=EDGE_LOOP('',(#264,#265,#266,#267));
#74=EDGE_LOOP('',(#268,#269,#270,#271));
#75=EDGE_LOOP('',(#272,#273,#274,#275));
#76=LINE('',#420,#92);
#77=LINE('',#426,#93);
#78=LINE('',#431,#94);
#79=LINE('',#440,#95);
#80=LINE('',#441,#96);
#81=LINE('',#447,#97);
#82=LINE('',#450,#98);
#83=LINE('',#452,#99);
#84=LINE('',#565,#100);
#85=LINE('',#902,#101);
#86=LINE('',#945,#102);
#87=LINE('',#1051,#103);
#88=LINE('',#1135,#104);
#89=LINE('',#1178,#105);
#90=LINE('',#1228,#106);
#91=LINE('',#1231,#107);
#92=VECTOR('',#353,4.);
#93=VECTOR('',#360,4.);
#94=VECTOR('',#365,10.);
#95=VECTOR('',#366,10.);
#96=VECTOR('',#367,10.);
#97=VECTOR('',#374,10.);
#98=VECTOR('',#377,10.);
#99=VECTOR('',#378,10.);
#100=VECTOR('',#379,10.);
#101=VECTOR('',#390,10.);
#102=VECTOR('',#391,10.);
#103=VECTOR('',#392,10.);
#104=VECTOR('',#393,10.);
#105=VECTOR('',#394,10.);
#106=VECTOR('',#407,10.);
#107=VECTOR('',#412,10.);
#108=CIRCLE('',#323,4.);
#109=CIRCLE('',#324,4.);
#110=CIRCLE('',#326,4.);
#111=CIRCLE('',#327,4.);
#112=CIRCLE('',#330,560.);
#113=CIRCLE('',#331,560.);
#114=CIRCLE('',#334,612.5);
#115=CIRCLE('',#335,612.5);
#116=CIRCLE('',#336,612.5);
#117=CIRCLE('',#337,612.5);
#118=CIRCLE('',#339,612.5);
#119=CIRCLE('',#340,612.5);
#120=CIRCLE('',#341,612.5);
#121=CIRCLE('',#342,612.5);
#122=VERTEX_POINT('',#417);
#123=VERTEX_POINT('',#419);
#124=VERTEX_POINT('',#423);
#125=VERTEX_POINT('',#425);
#126=VERTEX_POINT('',#429);
#127=VERTEX_POINT('',#430);
#128=VERTEX_POINT('',#432);
#129=VERTEX_POINT('',#439);
#130=VERTEX_POINT('',#443);
#131=VERTEX_POINT('',#445);
#132=VERTEX_POINT('',#449);
#133=VERTEX_POINT('',#451);
#134=VERTEX_POINT('',#541);
#135=VERTEX_POINT('',#564);
#136=VERTEX_POINT('',#589);
#137=VERTEX_POINT('',#612);
#138=VERTEX_POINT('',#614);
#139=VERTEX_POINT('',#656);
#140=VERTEX_POINT('',#658);
#141=VERTEX_POINT('',#774);
#142=VERTEX_POINT('',#776);
#143=VERTEX_POINT('',#901);
#144=VERTEX_POINT('',#903);
#145=VERTEX_POINT('',#1028);
#146=VERTEX_POINT('',#1134);
#147=VERTEX_POINT('',#1136);
#148=VERTEX_POINT('',#1181);
#149=VERTEX_POINT('',#1183);
#150=EDGE_CURVE('',#122,#122,#108,.T.);
#151=EDGE_CURVE('',#122,#123,#76,.T.);
#152=EDGE_CURVE('',#123,#123,#109,.T.);
#153=EDGE_CURVE('',#124,#124,#110,.T.);
#154=EDGE_CURVE('',#124,#125,#77,.T.);
#155=EDGE_CURVE('',#125,#125,#111,.T.);
#156=EDGE_CURVE('',#126,#127,#78,.T.);
#157=EDGE_CURVE('',#128,#126,#24,.T.);
#158=EDGE_CURVE('',#129,#128,#79,.T.);
#159=EDGE_CURVE('',#129,#127,#80,.T.);
#160=EDGE_CURVE('',#127,#130,#112,.T.);
#161=EDGE_CURVE('',#131,#129,#113,.T.);
#162=EDGE_CURVE('',#131,#130,#81,.T.);
#163=EDGE_CURVE('',#130,#132,#82,.T.);
#164=EDGE_CURVE('',#133,#131,#83,.T.);
#165=EDGE_CURVE('',#132,#133,#25,.T.);
#166=EDGE_CURVE('',#134,#126,#26,.T.);
#167=EDGE_CURVE('',#135,#134,#84,.T.);
#168=EDGE_CURVE('',#128,#135,#27,.T.);
#169=EDGE_CURVE('',#132,#136,#28,.T.);
#170=EDGE_CURVE('',#136,#137,#114,.T.);
#171=EDGE_CURVE('',#137,#138,#29,.T.);
#172=EDGE_CURVE('',#138,#139,#115,.T.);
#173=EDGE_CURVE('',#139,#140,#30,.T.);
#174=EDGE_CURVE('',#140,#141,#116,.T.);
#175=EDGE_CURVE('',#141,#142,#31,.T.);
#176=EDGE_CURVE('',#142,#134,#117,.T.);
#177=EDGE_CURVE('',#143,#141,#85,.T.);
#178=EDGE_CURVE('',#144,#143,#32,.T.);
#179=EDGE_CURVE('',#142,#144,#86,.T.);
#180=EDGE_CURVE('',#145,#133,#33,.T.);
#181=EDGE_CURVE('',#136,#145,#87,.T.);
#182=EDGE_CURVE('',#146,#137,#88,.T.);
#183=EDGE_CURVE('',#147,#146,#34,.T.);
#184=EDGE_CURVE('',#138,#147,#89,.T.);
#185=EDGE_CURVE('',#135,#144,#118,.T.);
#186=EDGE_CURVE('',#143,#148,#119,.T.);
#187=EDGE_CURVE('',#148,#149,#35,.T.);
#188=EDGE_CURVE('',#149,#147,#120,.T.);
#189=EDGE_CURVE('',#146,#145,#121,.T.);
#190=EDGE_CURVE('',#149,#139,#90,.T.);
#191=EDGE_CURVE('',#140,#148,#91,.T.);
#192=ORIENTED_EDGE('',*,*,#150,.F.);
#193=ORIENTED_EDGE('',*,*,#151,.T.);
#194=ORIENTED_EDGE('',*,*,#152,.F.);
#195=ORIENTED_EDGE('',*,*,#151,.F.);
#196=ORIENTED_EDGE('',*,*,#153,.F.);
#197=ORIENTED_EDGE('',*,*,#154,.T.);
#198=ORIENTED_EDGE('',*,*,#155,.F.);
#199=ORIENTED_EDGE('',*,*,#154,.F.);
#200=ORIENTED_EDGE('',*,*,#156,.F.);
#201=ORIENTED_EDGE('',*,*,#157,.F.);
#202=ORIENTED_EDGE('',*,*,#158,.F.);
#203=ORIENTED_EDGE('',*,*,#159,.T.);
#204=ORIENTED_EDGE('',*,*,#160,.F.);
#205=ORIENTED_EDGE('',*,*,#159,.F.);
#206=ORIENTED_EDGE('',*,*,#161,.F.);
#207=ORIENTED_EDGE('',*,*,#162,.T.);
#208=ORIENTED_EDGE('',*,*,#163,.F.);
#209=ORIENTED_EDGE('',*,*,#162,.F.);
#210=ORIENTED_EDGE('',*,*,#164,.F.);
#211=ORIENTED_EDGE('',*,*,#165,.F.);
#212=ORIENTED_EDGE('',*,*,#157,.T.);
#213=ORIENTED_EDGE('',*,*,#166,.F.);
#214=ORIENTED_EDGE('',*,*,#167,.F.);
#215=ORIENTED_EDGE('',*,*,#168,.F.);
#216=ORIENTED_EDGE('',*,*,#156,.T.);
#217=ORIENTED_EDGE('',*,*,#160,.T.);
#218=ORIENTED_EDGE('',*,*,#163,.T.);
#219=ORIENTED_EDGE('',*,*,#169,.T.);
#220=ORIENTED_EDGE('',*,*,#170,.T.);
#221=ORIENTED_EDGE('',*,*,#171,.T.);
#222=ORIENTED_EDGE('',*,*,#172,.T.);
#223=ORIENTED_EDGE('',*,*,#173,.T.);
#224=ORIENTED_EDGE('',*,*,#174,.T.);
#225=ORIENTED_EDGE('',*,*,#175,.T.);
#226=ORIENTED_EDGE('',*,*,#176,.T.);
#227=ORIENTED_EDGE('',*,*,#166,.T.);
#228=ORIENTED_EDGE('',*,*,#152,.T.);
#229=ORIENTED_EDGE('',*,*,#155,.T.);
#230=ORIENTED_EDGE('',*,*,#175,.F.);
#231=ORIENTED_EDGE('',*,*,#177,.F.);
#232=ORIENTED_EDGE('',*,*,#178,.F.);
#233=ORIENTED_EDGE('',*,*,#179,.F.);
#234=ORIENTED_EDGE('',*,*,#165,.T.);
#235=ORIENTED_EDGE('',*,*,#180,.F.);
#236=ORIENTED_EDGE('',*,*,#181,.F.);
#237=ORIENTED_EDGE('',*,*,#169,.F.);
#238=ORIENTED_EDGE('',*,*,#171,.F.);
#239=ORIENTED_EDGE('',*,*,#182,.F.);
#240=ORIENTED_EDGE('',*,*,#183,.F.);
#241=ORIENTED_EDGE('',*,*,#184,.F.);
#242=ORIENTED_EDGE('',*,*,#158,.T.);
#243=ORIENTED_EDGE('',*,*,#168,.T.);
#244=ORIENTED_EDGE('',*,*,#185,.T.);
#245=ORIENTED_EDGE('',*,*,#178,.T.);
#246=ORIENTED_EDGE('',*,*,#186,.T.);
#247=ORIENTED_EDGE('',*,*,#187,.T.);
#248=ORIENTED_EDGE('',*,*,#188,.T.);
#249=ORIENTED_EDGE('',*,*,#183,.T.);
#250=ORIENTED_EDGE('',*,*,#189,.T.);
#251=ORIENTED_EDGE('',*,*,#180,.T.);
#252=ORIENTED_EDGE('',*,*,#164,.T.);
#253=ORIENTED_EDGE('',*,*,#161,.T.);
#254=ORIENTED_EDGE('',*,*,#150,.T.);
#255=ORIENTED_EDGE('',*,*,#153,.T.);
#256=ORIENTED_EDGE('',*,*,#184,.T.);
#257=ORIENTED_EDGE('',*,*,#188,.F.);
#258=ORIENTED_EDGE('',*,*,#190,.T.);
#259=ORIENTED_EDGE('',*,*,#172,.F.);
#260=ORIENTED_EDGE('',*,*,#181,.T.);
#261=ORIENTED_EDGE('',*,*,#189,.F.);
#262=ORIENTED_EDGE('',*,*,#182,.T.);
#263=ORIENTED_EDGE('',*,*,#170,.F.);
#264=ORIENTED_EDGE('',*,*,#177,.T.);
#265=ORIENTED_EDGE('',*,*,#174,.F.);
#266=ORIENTED_EDGE('',*,*,#191,.T.);
#267=ORIENTED_EDGE('',*,*,#186,.F.);
#268=ORIENTED_EDGE('',*,*,#179,.T.);
#269=ORIENTED_EDGE('',*,*,#185,.F.);
#270=ORIENTED_EDGE('',*,*,#167,.T.);
#271=ORIENTED_EDGE('',*,*,#176,.F.);
#272=ORIENTED_EDGE('',*,*,#173,.F.);
#273=ORIENTED_EDGE('',*,*,#190,.F.);
#274=ORIENTED_EDGE('',*,*,#187,.F.);
#275=ORIENTED_EDGE('',*,*,#191,.F.);
#276=CYLINDRICAL_SURFACE('',#322,4.);
#277=CYLINDRICAL_SURFACE('',#325,4.);
#278=CYLINDRICAL_SURFACE('',#329,560.);
#279=CYLINDRICAL_SURFACE('',#343,612.5);
#280=CYLINDRICAL_SURFACE('',#344,612.5);
#281=CYLINDRICAL_SURFACE('',#345,612.5);
#282=CYLINDRICAL_SURFACE('',#346,612.5);
#283=ADVANCED_FACE('',(#40),#276,.F.);
#284=ADVANCED_FACE('',(#41),#277,.F.);
#285=ADVANCED_FACE('',(#42),#36,.F.);
#286=ADVANCED_FACE('',(#43),#278,.F.);
#287=ADVANCED_FACE('',(#44),#37,.F.);
#288=ADVANCED_FACE('',(#45),#19,.F.);
#289=ADVANCED_FACE('',(#46,#15,#16),#38,.F.);
#290=ADVANCED_FACE('',(#47),#20,.F.);
#291=ADVANCED_FACE('',(#48),#21,.F.);
#292=ADVANCED_FACE('',(#49),#22,.F.);
#293=ADVANCED_FACE('',(#50,#17,#18),#39,.T.);
#294=ADVANCED_FACE('',(#51),#279,.T.);
#295=ADVANCED_FACE('',(#52),#280,.T.);
#296=ADVANCED_FACE('',(#53),#281,.T.);
#297=ADVANCED_FACE('',(#54),#282,.T.);
#298=ADVANCED_FACE('',(#55),#23,.F.);
#299=CLOSED_SHELL('',(#283,#284,#285,#286,#287,#288,#289,#290,#291,#292,
#293,#294,#295,#296,#297,#298));
#300=DERIVED_UNIT_ELEMENT(#303,1.);
#301=DERIVED_UNIT_ELEMENT(#1320,-3.);
#302=DIMENSIONAL_EXPONENTS(0.,1.,0.,0.,0.,0.,0.);
#303=(
CONVERSION_BASED_UNIT('gram',#305)
MASS_UNIT()
NAMED_UNIT(#302)
);
#304=(
MASS_UNIT()
NAMED_UNIT(*)
SI_UNIT(.KILO.,.GRAM.)
);
#305=MASS_MEASURE_WITH_UNIT(MASS_MEASURE(0.001),#304);
#306=DERIVED_UNIT((#300,#301));
#307=MEASURE_REPRESENTATION_ITEM('density measure',
POSITIVE_RATIO_MEASURE(1.12),#306);
#308=PROPERTY_DEFINITION_REPRESENTATION(#313,#310);
#309=PROPERTY_DEFINITION_REPRESENTATION(#314,#311);
#310=REPRESENTATION('material name',(#312),#1317);
#311=REPRESENTATION('density',(#307),#1317);
#312=DESCRIPTIVE_REPRESENTATION_ITEM('Nylon 6','Nylon 6');
#313=PROPERTY_DEFINITION('material property','material name',#1327);
#314=PROPERTY_DEFINITION('material property','density of part',#1327);
#315=DATE_TIME_ROLE('creation_date');
#316=APPLIED_DATE_AND_TIME_ASSIGNMENT(#317,#315,(#1327));
#317=DATE_AND_TIME(#318,#319);
#318=CALENDAR_DATE(2025,6,9);
#319=LOCAL_TIME(0,0,0.,#320);
#320=COORDINATED_UNIVERSAL_TIME_OFFSET(0,0,.BEHIND.);
#321=AXIS2_PLACEMENT_3D('',#415,#347,#348);
#322=AXIS2_PLACEMENT_3D('',#416,#349,#350);
#323=AXIS2_PLACEMENT_3D('',#418,#351,#352);
#324=AXIS2_PLACEMENT_3D('',#421,#354,#355);
#325=AXIS2_PLACEMENT_3D('',#422,#356,#357);
#326=AXIS2_PLACEMENT_3D('',#424,#358,#359);
#327=AXIS2_PLACEMENT_3D('',#427,#361,#362);
#328=AXIS2_PLACEMENT_3D('',#428,#363,#364);
#329=AXIS2_PLACEMENT_3D('',#442,#368,#369);
#330=AXIS2_PLACEMENT_3D('',#444,#370,#371);
#331=AXIS2_PLACEMENT_3D('',#446,#372,#373);
#332=AXIS2_PLACEMENT_3D('',#448,#375,#376);
#333=AXIS2_PLACEMENT_3D('',#588,#380,#381);
#334=AXIS2_PLACEMENT_3D('',#613,#382,#383);
#335=AXIS2_PLACEMENT_3D('',#657,#384,#385);
#336=AXIS2_PLACEMENT_3D('',#775,#386,#387);
#337=AXIS2_PLACEMENT_3D('',#818,#388,#389);
#338=AXIS2_PLACEMENT_3D('',#1179,#395,#396);
#339=AXIS2_PLACEMENT_3D('',#1180,#397,#398);
#340=AXIS2_PLACEMENT_3D('',#1182,#399,#400);
#341=AXIS2_PLACEMENT_3D('',#1225,#401,#402);
#342=AXIS2_PLACEMENT_3D('',#1226,#403,#404);
#343=AXIS2_PLACEMENT_3D('',#1227,#405,#406);
#344=AXIS2_PLACEMENT_3D('',#1229,#408,#409);
#345=AXIS2_PLACEMENT_3D('',#1230,#410,#411);
#346=AXIS2_PLACEMENT_3D('',#1232,#413,#414);
#347=DIRECTION('axis',(0.,0.,1.));
#348=DIRECTION('refdir',(1.,0.,0.));
#349=DIRECTION('center_axis',(0.,0.,1.));
#350=DIRECTION('ref_axis',(1.,0.,0.));
#351=DIRECTION('center_axis',(0.,0.,-1.));
#352=DIRECTION('ref_axis',(1.,0.,0.));
#353=DIRECTION('',(0.,0.,-1.));
#354=DIRECTION('center_axis',(0.,0.,1.));
#355=DIRECTION('ref_axis',(1.,0.,0.));
#356=DIRECTION('center_axis',(0.,0.,1.));
#357=DIRECTION('ref_axis',(1.,0.,0.));
#358=DIRECTION('center_axis',(0.,0.,-1.));
#359=DIRECTION('ref_axis',(1.,0.,0.));
#360=DIRECTION('',(0.,0.,-1.));
#361=DIRECTION('center_axis',(0.,0.,1.));
#362=DIRECTION('ref_axis',(1.,0.,0.));
#363=DIRECTION('center_axis',(-0.99144486137381,0.130526192220052,0.));
#364=DIRECTION('ref_axis',(0.130526192220052,0.99144486137381,0.));
#365=DIRECTION('',(-0.130526192220052,-0.99144486137381,0.));
#366=DIRECTION('',(0.130526192220052,0.99144486137381,0.));
#367=DIRECTION('',(0.,0.,-1.));
#368=DIRECTION('center_axis',(0.,0.,-1.));
#369=DIRECTION('ref_axis',(1.,0.,0.));
#370=DIRECTION('center_axis',(0.,0.,1.));
#371=DIRECTION('ref_axis',(1.,0.,0.));
#372=DIRECTION('center_axis',(0.,0.,-1.));
#373=DIRECTION('ref_axis',(1.,0.,0.));
#374=DIRECTION('',(0.,0.,-1.));
#375=DIRECTION('center_axis',(0.99144486137381,0.130526192220052,0.));
#376=DIRECTION('ref_axis',(0.130526192220052,-0.99144486137381,0.));
#377=DIRECTION('',(-0.130526192220052,0.99144486137381,0.));
#378=DIRECTION('',(0.130526192220052,-0.99144486137381,0.));
#379=DIRECTION('',(0.,0.,-1.));
#380=DIRECTION('center_axis',(0.,0.,1.));
#381=DIRECTION('ref_axis',(1.,0.,0.));
#382=DIRECTION('center_axis',(0.,0.,-1.));
#383=DIRECTION('ref_axis',(1.,0.,0.));
#384=DIRECTION('center_axis',(0.,0.,-1.));
#385=DIRECTION('ref_axis',(1.,0.,0.));
#386=DIRECTION('center_axis',(0.,0.,-1.));
#387=DIRECTION('ref_axis',(1.,0.,0.));
#388=DIRECTION('center_axis',(0.,0.,-1.));
#389=DIRECTION('ref_axis',(1.,0.,0.));
#390=DIRECTION('',(0.,0.,-1.));
#391=DIRECTION('',(0.,0.,1.));
#392=DIRECTION('',(0.,0.,1.));
#393=DIRECTION('',(0.,0.,-1.));
#394=DIRECTION('',(0.,0.,1.));
#395=DIRECTION('center_axis',(0.,0.,1.));
#396=DIRECTION('ref_axis',(1.,0.,0.));
#397=DIRECTION('center_axis',(0.,0.,1.));
#398=DIRECTION('ref_axis',(1.,0.,0.));
#399=DIRECTION('center_axis',(0.,0.,1.));
#400=DIRECTION('ref_axis',(1.,0.,0.));
#401=DIRECTION('center_axis',(0.,0.,1.));
#402=DIRECTION('ref_axis',(1.,0.,0.));
#403=DIRECTION('center_axis',(0.,0.,1.));
#404=DIRECTION('ref_axis',(1.,0.,0.));
#405=DIRECTION('center_axis',(0.,0.,-1.));
#406=DIRECTION('ref_axis',(1.,0.,0.));
#407=DIRECTION('',(0.,0.,-1.));
#408=DIRECTION('center_axis',(0.,0.,-1.));
#409=DIRECTION('ref_axis',(1.,0.,0.));
#410=DIRECTION('center_axis',(0.,0.,-1.));
#411=DIRECTION('ref_axis',(1.,0.,0.));
#412=DIRECTION('',(0.,0.,1.));
#413=DIRECTION('center_axis',(0.,0.,-1.));
#414=DIRECTION('ref_axis',(1.,0.,0.));
#415=CARTESIAN_POINT('',(0.,0.,0.));
#416=CARTESIAN_POINT('Origin',(55.5512142817784,564.020943841468,-164.80298994998));
#417=CARTESIAN_POINT('',(51.5512142817784,564.020943841468,0.));
#418=CARTESIAN_POINT('Origin',(55.5512142817784,564.020943841468,0.));
#419=CARTESIAN_POINT('',(51.5512142817784,564.020943841468,-25.));
#420=CARTESIAN_POINT('',(51.5512142817784,564.020943841468,-164.80298994998));
#421=CARTESIAN_POINT('Origin',(55.5512142817784,564.020943841468,-25.));
#422=CARTESIAN_POINT('Origin',(-55.5512142817784,564.020943841468,-164.80298994998));
#423=CARTESIAN_POINT('',(-59.5512142817784,564.020943841468,0.));
#424=CARTESIAN_POINT('Origin',(-55.5512142817784,564.020943841468,0.));
#425=CARTESIAN_POINT('',(-59.5512142817784,564.020943841468,-25.));
#426=CARTESIAN_POINT('',(-59.5512142817784,564.020943841468,-164.80298994998));
#427=CARTESIAN_POINT('Origin',(-55.5512142817784,564.020943841468,-25.));
#428=CARTESIAN_POINT('Origin',(73.0946676432289,555.209122369334,0.));
#429=CARTESIAN_POINT('',(76.2762435785926,579.37559086532,-25.));
#430=CARTESIAN_POINT('',(73.0946676432289,555.209122369334,-25.));
#431=CARTESIAN_POINT('',(75.2687517059499,571.722930330157,-25.));
#432=CARTESIAN_POINT('',(76.2762435785926,579.37559086532,0.));
#433=CARTESIAN_POINT('Ctrl Pts',(76.2762435785927,579.375590865321,0.));
#434=CARTESIAN_POINT('Ctrl Pts',(76.2762435785927,579.375590865321,-4.16666666666667));
#435=CARTESIAN_POINT('Ctrl Pts',(76.2762435785926,579.37559086532,-8.33333333333334));
#436=CARTESIAN_POINT('Ctrl Pts',(76.2762435785926,579.37559086532,-16.6666666666667));
#437=CARTESIAN_POINT('Ctrl Pts',(76.2762435785927,579.375590865321,-20.8333333333333));
#438=CARTESIAN_POINT('Ctrl Pts',(76.2762435785927,579.375590865321,-25.));
#439=CARTESIAN_POINT('',(73.0946676432289,555.209122369334,0.));
#440=CARTESIAN_POINT('',(75.2687517059499,571.722930330157,0.));
#441=CARTESIAN_POINT('',(73.0946676432289,555.209122369334,0.));
#442=CARTESIAN_POINT('Origin',(0.,0.,0.));
#443=CARTESIAN_POINT('',(-73.0946676432289,555.209122369334,-25.));
#444=CARTESIAN_POINT('Origin',(0.,0.,-25.));
#445=CARTESIAN_POINT('',(-73.0946676432289,555.209122369334,0.));
#446=CARTESIAN_POINT('Origin',(0.,0.,0.));
#447=CARTESIAN_POINT('',(-73.0946676432289,555.209122369334,0.));
#448=CARTESIAN_POINT('Origin',(-76.2762435785928,579.375590865321,0.));
#449=CARTESIAN_POINT('',(-76.2762435785928,579.375590865321,-25.));
#450=CARTESIAN_POINT('',(-76.8595396736318,583.806164578151,-25.));
#451=CARTESIAN_POINT('',(-76.2762435785928,579.375590865321,0.));
#452=CARTESIAN_POINT('',(-76.8595396736318,583.806164578151,0.));
#453=CARTESIAN_POINT('Ctrl Pts',(-76.2762435785927,579.375590865321,-25.));
#454=CARTESIAN_POINT('Ctrl Pts',(-76.2762435785927,579.375590865321,-20.8333333333333));
#455=CARTESIAN_POINT('Ctrl Pts',(-76.2762435785926,579.375590865321,-16.6666666666667));
#456=CARTESIAN_POINT('Ctrl Pts',(-76.2762435785926,579.375590865321,-8.33333333333334));
#457=CARTESIAN_POINT('Ctrl Pts',(-76.2762435785927,579.375590865321,-4.16666666666667));
#458=CARTESIAN_POINT('Ctrl Pts',(-76.2762435785927,579.375590865321,0.));
#459=CARTESIAN_POINT('Ctrl Pts',(94.7996883319114,605.119218908285,0.));
#460=CARTESIAN_POINT('Ctrl Pts',(94.7996883319114,605.119218908285,-37.5));
#461=CARTESIAN_POINT('Ctrl Pts',(94.0697929779364,603.933830278048,0.));
#462=CARTESIAN_POINT('Ctrl Pts',(94.0697929779364,603.933830278048,-37.5));
#463=CARTESIAN_POINT('Ctrl Pts',(92.610002779258,601.563053844658,0.));
#464=CARTESIAN_POINT('Ctrl Pts',(92.610002779258,601.563053844658,-37.5));
#465=CARTESIAN_POINT('Ctrl Pts',(90.5027584323368,597.957131522099,0.));
#466=CARTESIAN_POINT('Ctrl Pts',(90.5027584323368,597.957131522099,-37.5));
#467=CARTESIAN_POINT('Ctrl Pts',(88.4604898499874,594.314229866126,0.));
#468=CARTESIAN_POINT('Ctrl Pts',(88.4604898499874,594.314229866126,-37.5));
#469=CARTESIAN_POINT('Ctrl Pts',(86.491540070162,590.630957142463,0.));
#470=CARTESIAN_POINT('Ctrl Pts',(86.491540070162,590.630957142463,-37.5));
#471=CARTESIAN_POINT('Ctrl Pts',(84.6067462841079,586.904198868038,0.));
#472=CARTESIAN_POINT('Ctrl Pts',(84.6067462841079,586.904198868038,-37.5));
#473=CARTESIAN_POINT('Ctrl Pts',(83.2409183171245,584.085091172726,0.));
#474=CARTESIAN_POINT('Ctrl Pts',(83.2409183171245,584.085091172726,-37.5));
#475=CARTESIAN_POINT('Ctrl Pts',(82.3866299548478,582.179924806918,0.));
#476=CARTESIAN_POINT('Ctrl Pts',(82.3866299548478,582.179924806918,-37.5));
#477=CARTESIAN_POINT('Ctrl Pts',(81.9474813183785,581.425238750794,0.));
#478=CARTESIAN_POINT('Ctrl Pts',(81.9474813183785,581.425238750794,-37.5));
#479=CARTESIAN_POINT('Ctrl Pts',(81.5177405678776,580.8763174529,0.));
#480=CARTESIAN_POINT('Ctrl Pts',(81.5177405678776,580.8763174529,-37.5));
#481=CARTESIAN_POINT('Ctrl Pts',(81.1500203929023,580.50514859665,0.));
#482=CARTESIAN_POINT('Ctrl Pts',(81.1500203929023,580.50514859665,-37.5));
#483=CARTESIAN_POINT('Ctrl Pts',(80.7587244125124,580.158227383949,0.));
#484=CARTESIAN_POINT('Ctrl Pts',(80.7587244125124,580.158227383949,-37.5));
#485=CARTESIAN_POINT('Ctrl Pts',(80.3211668273484,579.87134260123,0.));
#486=CARTESIAN_POINT('Ctrl Pts',(80.3211668273484,579.87134260123,-37.5));
#487=CARTESIAN_POINT('Ctrl Pts',(79.8627142458641,579.620641862678,0.));
#488=CARTESIAN_POINT('Ctrl Pts',(79.8627142458641,579.620641862678,-37.5));
#489=CARTESIAN_POINT('Ctrl Pts',(79.3767817173371,579.425701229431,0.));
#490=CARTESIAN_POINT('Ctrl Pts',(79.3767817173371,579.425701229431,-37.5));
#491=CARTESIAN_POINT('Ctrl Pts',(78.8699643681235,579.297116432752,0.));
#492=CARTESIAN_POINT('Ctrl Pts',(78.8699643681235,579.297116432752,-37.5));
#493=CARTESIAN_POINT('Ctrl Pts',(78.3544949857181,579.21130216214,0.));
#494=CARTESIAN_POINT('Ctrl Pts',(78.3544949857181,579.21130216214,-37.5));
#495=CARTESIAN_POINT('Ctrl Pts',(77.8312835345032,579.187168766522,0.));
#496=CARTESIAN_POINT('Ctrl Pts',(77.8312835345032,579.187168766522,-37.5));
#497=CARTESIAN_POINT('Ctrl Pts',(77.1372419985928,579.251710284866,0.));
#498=CARTESIAN_POINT('Ctrl Pts',(77.1372419985928,579.251710284866,-37.5));
#499=CARTESIAN_POINT('Ctrl Pts',(76.2771519283692,579.382490466867,0.));
#500=CARTESIAN_POINT('Ctrl Pts',(76.2771519283692,579.382490466867,-37.5));
#501=CARTESIAN_POINT('Ctrl Pts',(75.4125203147813,579.478774202182,0.));
#502=CARTESIAN_POINT('Ctrl Pts',(75.4125203147813,579.478774202182,-37.5));
#503=CARTESIAN_POINT('Ctrl Pts',(74.7254230965812,579.596063050333,0.));
#504=CARTESIAN_POINT('Ctrl Pts',(74.7254230965812,579.596063050333,-37.5));
#505=CARTESIAN_POINT('Ctrl Pts',(74.2262858256511,579.754791208625,0.));
#506=CARTESIAN_POINT('Ctrl Pts',(74.2262858256511,579.754791208625,-37.5));
#507=CARTESIAN_POINT('Ctrl Pts',(73.750591004101,579.971094722208,0.));
#508=CARTESIAN_POINT('Ctrl Pts',(73.750591004101,579.971094722208,-37.5));
#509=CARTESIAN_POINT('Ctrl Pts',(73.294323231575,580.226472080553,0.));
#510=CARTESIAN_POINT('Ctrl Pts',(73.294323231575,580.226472080553,-37.5));
#511=CARTESIAN_POINT('Ctrl Pts',(72.8754028009851,580.540538865816,0.));
#512=CARTESIAN_POINT('Ctrl Pts',(72.8754028009851,580.540538865816,-37.5));
#513=CARTESIAN_POINT('Ctrl Pts',(72.4974577381601,580.901353443219,0.));
#514=CARTESIAN_POINT('Ctrl Pts',(72.4974577381601,580.901353443219,-37.5));
#515=CARTESIAN_POINT('Ctrl Pts',(72.1490608116784,581.291711100386,0.));
#516=CARTESIAN_POINT('Ctrl Pts',(72.1490608116784,581.291711100386,-37.5));
#517=CARTESIAN_POINT('Ctrl Pts',(71.8608877354942,581.728086111418,0.));
#518=CARTESIAN_POINT('Ctrl Pts',(71.8608877354942,581.728086111418,-37.5));
#519=CARTESIAN_POINT('Ctrl Pts',(71.6017628905844,582.181780680137,0.));
#520=CARTESIAN_POINT('Ctrl Pts',(71.6017628905844,582.181780680137,-37.5));
#521=CARTESIAN_POINT('Ctrl Pts',(71.3287364872242,582.823223029059,0.));
#522=CARTESIAN_POINT('Ctrl Pts',(71.3287364872242,582.823223029059,-37.5));
#523=CARTESIAN_POINT('Ctrl Pts',(71.0998786020767,583.665853812158,0.));
#524=CARTESIAN_POINT('Ctrl Pts',(71.0998786020767,583.665853812158,-37.5));
#525=CARTESIAN_POINT('Ctrl Pts',(70.7677927494157,585.727209306437,0.));
#526=CARTESIAN_POINT('Ctrl Pts',(70.7677927494157,585.727209306437,-37.5));
#527=CARTESIAN_POINT('Ctrl Pts',(70.1781430035801,588.803760526617,0.));
#528=CARTESIAN_POINT('Ctrl Pts',(70.1781430035801,588.803760526617,-37.5));
#529=CARTESIAN_POINT('Ctrl Pts',(69.3221280263164,592.891353120143,0.));
#530=CARTESIAN_POINT('Ctrl Pts',(69.3221280263164,592.891353120143,-37.5));
#531=CARTESIAN_POINT('Ctrl Pts',(68.3735697125067,596.958723071063,0.));
#532=CARTESIAN_POINT('Ctrl Pts',(68.3735697125067,596.958723071063,-37.5));
#533=CARTESIAN_POINT('Ctrl Pts',(67.3437420725987,601.006073867526,0.));
#534=CARTESIAN_POINT('Ctrl Pts',(67.3437420725987,601.006073867526,-37.5));
#535=CARTESIAN_POINT('Ctrl Pts',(66.2415817078439,605.034522336146,0.));
#536=CARTESIAN_POINT('Ctrl Pts',(66.2415817078439,605.034522336146,-37.5));
#537=CARTESIAN_POINT('Ctrl Pts',(65.4451347466185,607.702338026786,0.));
#538=CARTESIAN_POINT('Ctrl Pts',(65.4451347466185,607.702338026786,-37.5));
#539=CARTESIAN_POINT('Ctrl Pts',(65.046911127079,609.036246337462,0.));
#540=CARTESIAN_POINT('Ctrl Pts',(65.046911127079,609.036246337462,-37.5));
#541=CARTESIAN_POINT('',(65.046911127079,609.036246337462,-25.));
#542=CARTESIAN_POINT('Ctrl Pts',(65.046911127079,609.036246337462,-25.));
#543=CARTESIAN_POINT('Ctrl Pts',(65.4451347466185,607.702338026786,-25.));
#544=CARTESIAN_POINT('Ctrl Pts',(66.2415817078439,605.034522336146,-25.));
#545=CARTESIAN_POINT('Ctrl Pts',(67.3437420725987,601.006073867526,-25.));
#546=CARTESIAN_POINT('Ctrl Pts',(68.3735697125067,596.958723071063,-25.));
#547=CARTESIAN_POINT('Ctrl Pts',(69.3221280263164,592.891353120143,-25.));
#548=CARTESIAN_POINT('Ctrl Pts',(70.1781430035801,588.803760526617,-25.));
#549=CARTESIAN_POINT('Ctrl Pts',(70.7677927494157,585.727209306437,-25.));
#550=CARTESIAN_POINT('Ctrl Pts',(71.0998786020767,583.665853812158,-25.));
#551=CARTESIAN_POINT('Ctrl Pts',(71.3287364872242,582.823223029059,-25.));
#552=CARTESIAN_POINT('Ctrl Pts',(71.6017628905844,582.181780680137,-25.));
#553=CARTESIAN_POINT('Ctrl Pts',(71.8608877354942,581.728086111418,-25.));
#554=CARTESIAN_POINT('Ctrl Pts',(72.1490608116784,581.291711100386,-25.));
#555=CARTESIAN_POINT('Ctrl Pts',(72.4974577381601,580.901353443219,-25.));
#556=CARTESIAN_POINT('Ctrl Pts',(72.8754028009851,580.540538865816,-25.));
#557=CARTESIAN_POINT('Ctrl Pts',(73.294323231575,580.226472080553,-25.));
#558=CARTESIAN_POINT('Ctrl Pts',(73.750591004101,579.971094722208,-25.));
#559=CARTESIAN_POINT('Ctrl Pts',(74.2262858256511,579.754791208625,-25.));
#560=CARTESIAN_POINT('Ctrl Pts',(74.7254230965812,579.596063050333,-25.));
#561=CARTESIAN_POINT('Ctrl Pts',(75.4125203147813,579.478774202182,-25.));
#562=CARTESIAN_POINT('Ctrl Pts',(75.9312836322812,579.42100570382,-25.));
#563=CARTESIAN_POINT('Ctrl Pts',(76.2762435785932,579.37559086532,-25.));
#564=CARTESIAN_POINT('',(65.046911127079,609.036246337462,0.));
#565=CARTESIAN_POINT('',(65.046911127079,609.036246337462,0.));
#566=CARTESIAN_POINT('Ctrl Pts',(76.2762435785932,579.37559086532,0.));
#567=CARTESIAN_POINT('Ctrl Pts',(75.9312836322811,579.42100570382,0.));
#568=CARTESIAN_POINT('Ctrl Pts',(75.4125203147813,579.478774202182,0.));
#569=CARTESIAN_POINT('Ctrl Pts',(74.7254230965812,579.596063050333,0.));
#570=CARTESIAN_POINT('Ctrl Pts',(74.2262858256511,579.754791208625,0.));
#571=CARTESIAN_POINT('Ctrl Pts',(73.750591004101,579.971094722208,0.));
#572=CARTESIAN_POINT('Ctrl Pts',(73.294323231575,580.226472080553,0.));
#573=CARTESIAN_POINT('Ctrl Pts',(72.8754028009851,580.540538865816,0.));
#574=CARTESIAN_POINT('Ctrl Pts',(72.4974577381601,580.901353443219,0.));
#575=CARTESIAN_POINT('Ctrl Pts',(72.1490608116784,581.291711100386,0.));
#576=CARTESIAN_POINT('Ctrl Pts',(71.8608877354942,581.728086111418,0.));
#577=CARTESIAN_POINT('Ctrl Pts',(71.6017628905844,582.181780680137,0.));
#578=CARTESIAN_POINT('Ctrl Pts',(71.3287364872242,582.823223029059,0.));
#579=CARTESIAN_POINT('Ctrl Pts',(71.0998786020767,583.665853812158,0.));
#580=CARTESIAN_POINT('Ctrl Pts',(70.7677927494157,585.727209306437,0.));
#581=CARTESIAN_POINT('Ctrl Pts',(70.1781430035801,588.803760526617,0.));
#582=CARTESIAN_POINT('Ctrl Pts',(69.3221280263164,592.891353120143,0.));
#583=CARTESIAN_POINT('Ctrl Pts',(68.3735697125067,596.958723071063,0.));
#584=CARTESIAN_POINT('Ctrl Pts',(67.3437420725987,601.006073867526,0.));
#585=CARTESIAN_POINT('Ctrl Pts',(66.2415817078439,605.034522336146,0.));
#586=CARTESIAN_POINT('Ctrl Pts',(65.4451347466185,607.702338026786,0.));
#587=CARTESIAN_POINT('Ctrl Pts',(65.046911127079,609.036246337462,0.));
#588=CARTESIAN_POINT('Origin',(1.99840144432528E-14,598.432281040177,-25.));
#589=CARTESIAN_POINT('',(-65.0469111270784,609.036246337462,-25.));
#590=CARTESIAN_POINT('Ctrl Pts',(-76.2762435785926,579.37559086532,-25.));
#591=CARTESIAN_POINT('Ctrl Pts',(-75.9312836322806,579.42100570382,-25.));
#592=CARTESIAN_POINT('Ctrl Pts',(-75.4125203147809,579.478774202183,-25.));
#593=CARTESIAN_POINT('Ctrl Pts',(-74.7254230965805,579.596063050332,-25.));
#594=CARTESIAN_POINT('Ctrl Pts',(-74.2262858256507,579.754791208626,-25.));
#595=CARTESIAN_POINT('Ctrl Pts',(-73.7505910041001,579.971094722208,-25.));
#596=CARTESIAN_POINT('Ctrl Pts',(-73.2943232315746,580.226472080554,-25.));
#597=CARTESIAN_POINT('Ctrl Pts',(-72.875402800985,580.540538865817,-25.));
#598=CARTESIAN_POINT('Ctrl Pts',(-72.497457738159,580.901353443219,-25.));
#599=CARTESIAN_POINT('Ctrl Pts',(-72.1490608116781,581.291711100386,-25.));
#600=CARTESIAN_POINT('Ctrl Pts',(-71.8608877354935,581.728086111418,-25.));
#601=CARTESIAN_POINT('Ctrl Pts',(-71.6017628905839,582.181780680137,-25.));
#602=CARTESIAN_POINT('Ctrl Pts',(-71.3287364872235,582.823223029059,-25.));
#603=CARTESIAN_POINT('Ctrl Pts',(-71.0998786020762,583.665853812158,-25.));
#604=CARTESIAN_POINT('Ctrl Pts',(-70.767792749415,585.727209306436,-25.));
#605=CARTESIAN_POINT('Ctrl Pts',(-70.1781430035797,588.803760526617,-25.));
#606=CARTESIAN_POINT('Ctrl Pts',(-69.3221280263154,592.891353120143,-25.));
#607=CARTESIAN_POINT('Ctrl Pts',(-68.3735697125065,596.958723071064,-25.));
#608=CARTESIAN_POINT('Ctrl Pts',(-67.3437420725978,601.006073867526,-25.));
#609=CARTESIAN_POINT('Ctrl Pts',(-66.2415817078434,605.034522336145,-25.));
#610=CARTESIAN_POINT('Ctrl Pts',(-65.4451347466179,607.702338026786,-25.));
#611=CARTESIAN_POINT('Ctrl Pts',(-65.0469111270784,609.036246337462,-25.));
#612=CARTESIAN_POINT('',(-55.0200244483339,610.023808477755,-25.));
#613=CARTESIAN_POINT('Origin',(0.,0.,-25.));
#614=CARTESIAN_POINT('',(-25.0747643722133,611.986524518047,-25.));
#615=CARTESIAN_POINT('Ctrl Pts',(-55.0200244483339,610.023808477755,-25.));
#616=CARTESIAN_POINT('Ctrl Pts',(-54.369219982111,608.793220415407,-25.));
#617=CARTESIAN_POINT('Ctrl Pts',(-53.0676115037523,606.332045149332,-25.));
#618=CARTESIAN_POINT('Ctrl Pts',(-51.2007175323887,602.596023008921,-25.));
#619=CARTESIAN_POINT('Ctrl Pts',(-49.4010787716205,598.827350329012,-25.));
#620=CARTESIAN_POINT('Ctrl Pts',(-47.677242226348,595.023188298087,-25.));
#621=CARTESIAN_POINT('Ctrl Pts',(-46.0402255815013,591.181137887637,-25.));
#622=CARTESIAN_POINT('Ctrl Pts',(-44.8617004219481,588.278736695269,-25.));
#623=CARTESIAN_POINT('Ctrl Pts',(-44.1338449986594,586.321776304735,-25.));
#624=CARTESIAN_POINT('Ctrl Pts',(-43.7449954427872,585.539984394366,-25.));
#625=CARTESIAN_POINT('Ctrl Pts',(-43.352075970804,584.964131989267,-25.));
#626=CARTESIAN_POINT('Ctrl Pts',(-43.0094187176215,584.569707783904,-25.));
#627=CARTESIAN_POINT('Ctrl Pts',(-42.6416502648693,584.197937374577,-25.));
#628=CARTESIAN_POINT('Ctrl Pts',(-42.2237926866003,583.883049198912,-25.));
#629=CARTESIAN_POINT('Ctrl Pts',(-41.7827183000868,583.602900996451,-25.));
#630=CARTESIAN_POINT('Ctrl Pts',(-41.3105759178324,583.376596238104,-25.));
#631=CARTESIAN_POINT('Ctrl Pts',(-40.8132535515415,583.215139310759,-25.));
#632=CARTESIAN_POINT('Ctrl Pts',(-40.3045003504829,583.095795464455,-25.));
#633=CARTESIAN_POINT('Ctrl Pts',(-39.7839875347397,583.037494074132,-25.));
#634=CARTESIAN_POINT('Ctrl Pts',(-39.0872107777684,583.056504915866,-25.));
#635=CARTESIAN_POINT('Ctrl Pts',(-38.2204087932626,583.130752505447,-25.));
#636=CARTESIAN_POINT('Ctrl Pts',(-37.3513311647463,583.170280476734,-25.));
#637=CARTESIAN_POINT('Ctrl Pts',(-36.6580340167399,583.242379892301,-25.));
#638=CARTESIAN_POINT('Ctrl Pts',(-36.1495841187723,583.368123061989,-25.));
#639=CARTESIAN_POINT('Ctrl Pts',(-35.6607608696978,583.552851523257,-25.));
#640=CARTESIAN_POINT('Ctrl Pts',(-35.1887675231268,583.777840758985,-25.));
#641=CARTESIAN_POINT('Ctrl Pts',(-34.7502030827924,584.063836396094,-25.));
#642=CARTESIAN_POINT('Ctrl Pts',(-34.3494688269237,584.399159652004,-25.));
#643=CARTESIAN_POINT('Ctrl Pts',(-33.9762872327081,584.765895274256,-25.));
#644=CARTESIAN_POINT('Ctrl Pts',(-33.6601908659608,585.182488551951,-25.));
#645=CARTESIAN_POINT('Ctrl Pts',(-33.371947782726,585.618264150053,-25.));
#646=CARTESIAN_POINT('Ctrl Pts',(-33.0575536130129,586.240476340526,-25.));
#647=CARTESIAN_POINT('Ctrl Pts',(-32.7740750401648,587.066334964599,-25.));
#648=CARTESIAN_POINT('Ctrl Pts',(-32.307881109024,589.101557484595,-25.));
#649=CARTESIAN_POINT('Ctrl Pts',(-31.5182777715202,592.132956633926,-25.));
#650=CARTESIAN_POINT('Ctrl Pts',(-30.3967542413966,596.155811319758,-25.));
#651=CARTESIAN_POINT('Ctrl Pts',(-29.1842081412233,600.152434037416,-25.));
#652=CARTESIAN_POINT('Ctrl Pts',(-27.891876034162,604.123765194926,-25.));
#653=CARTESIAN_POINT('Ctrl Pts',(-26.5286023435618,608.071503709376,-25.));
#654=CARTESIAN_POINT('Ctrl Pts',(-25.5593771420395,610.681517278308,-25.));
#655=CARTESIAN_POINT('Ctrl Pts',(-25.0747643722133,611.986524518047,-25.));
#656=CARTESIAN_POINT('',(-15.0047563732415,612.316182446765,-25.));
#657=CARTESIAN_POINT('Origin',(0.,0.,-25.));
#658=CARTESIAN_POINT('',(15.0047563732415,612.316182446765,-25.));
#659=CARTESIAN_POINT('Ctrl Pts',(-15.0047563732415,612.316182446765,-25.));
#660=CARTESIAN_POINT('Ctrl Pts',(-14.4358296394082,611.045664519312,-25.));
#661=CARTESIAN_POINT('Ctrl Pts',(-13.8669029055749,609.775146591859,-25.));
#662=CARTESIAN_POINT('Ctrl Pts',(-13.3126811002968,608.498199784474,-25.));
#663=CARTESIAN_POINT('Ctrl Pts',(-12.7584596817173,607.221253868056,-25.));
#664=CARTESIAN_POINT('Ctrl Pts',(-12.2189431711728,605.937879080678,-25.));
#665=CARTESIAN_POINT('Ctrl Pts',(-11.6909674593366,604.649806500448,-25.));
#666=CARTESIAN_POINT('Ctrl Pts',(-11.1629923726968,603.361735445475,-25.));
#667=CARTESIAN_POINT('Ctrl Pts',(-10.6465580574334,602.068966608775,-25.));
#668=CARTESIAN_POINT('Ctrl Pts',(-10.1431168557527,600.771120742634,-25.));
#669=CARTESIAN_POINT('Ctrl Pts',(-9.63967657782307,599.473277257878,-25.));
#670=CARTESIAN_POINT('Ctrl Pts',(-9.14922936579464,598.170356762312,-25.));
#671=CARTESIAN_POINT('Ctrl Pts',(-8.67363365758047,596.862079961489,-25.));
#672=CARTESIAN_POINT('Ctrl Pts',(-8.19803887836811,595.55380571618,-25.));
#673=CARTESIAN_POINT('Ctrl Pts',(-7.7372955449499,594.24017518654,-25.));
#674=CARTESIAN_POINT('Ctrl Pts',(-7.28777105072789,592.922626014453,-25.));
#675=CARTESIAN_POINT('Ctrl Pts',(-6.8382478767557,591.605080711997,-25.));
#676=CARTESIAN_POINT('Ctrl Pts',(-6.39994347608051,590.283616790112,-25.));
#677=CARTESIAN_POINT('Ctrl Pts',(-5.99313110793396,588.952271176054,-25.));
#678=CARTESIAN_POINT('Ctrl Pts',(-5.89143772654025,588.619466551863,-25.));
#679=CARTESIAN_POINT('Ctrl Pts',(-5.79171222133889,588.286044439844,-25.));
#680=CARTESIAN_POINT('Ctrl Pts',(-5.67444530572255,587.95817894826,-25.));
#681=CARTESIAN_POINT('Ctrl Pts',(-5.55727884286383,587.630594311619,-25.));
#682=CARTESIAN_POINT('Ctrl Pts',(-5.42260100923643,587.308556779706,-25.));
#683=CARTESIAN_POINT('Ctrl Pts',(-5.25962952165969,587.001182806095,-25.));
#684=CARTESIAN_POINT('Ctrl Pts',(-5.17805264455232,586.847323936399,-25.));
#685=CARTESIAN_POINT('Ctrl Pts',(-5.08938652335732,586.697139160695,-25.));
#686=CARTESIAN_POINT('Ctrl Pts',(-4.99234341761451,586.552690581408,-25.));
#687=CARTESIAN_POINT('Ctrl Pts',(-4.89535583115394,586.408324642524,-25.));
#688=CARTESIAN_POINT('Ctrl Pts',(-4.79000084250849,586.26968833847,-25.));
#689=CARTESIAN_POINT('Ctrl Pts',(-4.68021670176283,586.134537212279,-25.));
#690=CARTESIAN_POINT('Ctrl Pts',(-4.57043074224351,585.999383847064,-25.));
#691=CARTESIAN_POINT('Ctrl Pts',(-4.45621548386887,585.867715775189,-25.));
#692=CARTESIAN_POINT('Ctrl Pts',(-4.33305829219734,585.744966439408,-25.));
#693=CARTESIAN_POINT('Ctrl Pts',(-4.20987716122531,585.622193243605,-25.));
#694=CARTESIAN_POINT('Ctrl Pts',(-4.07775062035173,585.508342251482,-25.));
#695=CARTESIAN_POINT('Ctrl Pts',(-3.94139157363316,585.400020945811,-25.));
#696=CARTESIAN_POINT('Ctrl Pts',(-3.80501777272961,585.291687919667,-25.));
#697=CARTESIAN_POINT('Ctrl Pts',(-3.66441055000879,585.188885776676,-25.));
#698=CARTESIAN_POINT('Ctrl Pts',(-3.51804127514491,585.094695405235,-25.));
#699=CARTESIAN_POINT('Ctrl Pts',(-3.3716709724813,585.000504372393,-25.));
#700=CARTESIAN_POINT('Ctrl Pts',(-3.2195385367525,584.914925232046,-25.));
#701=CARTESIAN_POINT('Ctrl Pts',(-3.06250700215033,584.839859157117,-25.));
#702=CARTESIAN_POINT('Ctrl Pts',(-2.90554337525475,584.764825544235,-25.));
#703=CARTESIAN_POINT('Ctrl Pts',(-2.74368488576402,584.700295906064,-25.));
#704=CARTESIAN_POINT('Ctrl Pts',(-2.5794712647336,584.642643863635,-25.));
#705=CARTESIAN_POINT('Ctrl Pts',(-2.41520460423211,584.584973200134,-25.));
#706=CARTESIAN_POINT('Ctrl Pts',(-2.24858129057411,584.534184575891,-25.));
#707=CARTESIAN_POINT('Ctrl Pts',(-2.07934570512574,584.493420219395,-25.));
#708=CARTESIAN_POINT('Ctrl Pts',(-1.91006713637126,584.452645509364,-25.));
#709=CARTESIAN_POINT('Ctrl Pts',(-1.738174968702,584.421900159755,-25.));
#710=CARTESIAN_POINT('Ctrl Pts',(-1.56515446328361,584.403203683289,-25.));
#711=CARTESIAN_POINT('Ctrl Pts',(-1.39218186183807,584.384512383294,-25.));
#712=CARTESIAN_POINT('Ctrl Pts',(-1.21808154735983,584.377863285454,-25.));
#713=CARTESIAN_POINT('Ctrl Pts',(-1.04403835061196,584.374589638214,-25.));
#714=CARTESIAN_POINT('Ctrl Pts',(-0.69587318418107,584.368040862063,-25.));
#715=CARTESIAN_POINT('Ctrl Pts',(-0.347936592090533,584.375,-25.));
#716=CARTESIAN_POINT('Ctrl Pts',(-7.70119963300392E-15,584.375,-25.));
#717=CARTESIAN_POINT('Ctrl Pts',(0.34793659209052,584.375,-25.));
#718=CARTESIAN_POINT('Ctrl Pts',(0.695873184181035,584.368040862064,-25.));
#719=CARTESIAN_POINT('Ctrl Pts',(1.04403835061195,584.374589638214,-25.));
#720=CARTESIAN_POINT('Ctrl Pts',(1.21808154735984,584.377863285454,-25.));
#721=CARTESIAN_POINT('Ctrl Pts',(1.39218186183809,584.384512383294,-25.));
#722=CARTESIAN_POINT('Ctrl Pts',(1.56515446328361,584.403203683289,-25.));
#723=CARTESIAN_POINT('Ctrl Pts',(1.738174968702,584.421900159754,-25.));
#724=CARTESIAN_POINT('Ctrl Pts',(1.9100671363712,584.452645509364,-25.));
#725=CARTESIAN_POINT('Ctrl Pts',(2.07934570512573,584.493420219395,-25.));
#726=CARTESIAN_POINT('Ctrl Pts',(2.24858129057409,584.534184575891,-25.));
#727=CARTESIAN_POINT('Ctrl Pts',(2.41520460423216,584.584973200133,-25.));
#728=CARTESIAN_POINT('Ctrl Pts',(2.57947126473359,584.642643863635,-25.));
#729=CARTESIAN_POINT('Ctrl Pts',(2.74368488576409,584.700295906064,-25.));
#730=CARTESIAN_POINT('Ctrl Pts',(2.90554337525476,584.764825544235,-25.));
#731=CARTESIAN_POINT('Ctrl Pts',(3.06250700215033,584.839859157118,-25.));
#732=CARTESIAN_POINT('Ctrl Pts',(3.21953853675241,584.914925232047,-25.));
#733=CARTESIAN_POINT('Ctrl Pts',(3.37167097248117,585.000504372394,-25.));
#734=CARTESIAN_POINT('Ctrl Pts',(3.5180412751449,585.094695405236,-25.));
#735=CARTESIAN_POINT('Ctrl Pts',(3.66441055000875,585.188885776676,-25.));
#736=CARTESIAN_POINT('Ctrl Pts',(3.8050177727297,585.291687919667,-25.));
#737=CARTESIAN_POINT('Ctrl Pts',(3.94139157363314,585.400020945811,-25.));
#738=CARTESIAN_POINT('Ctrl Pts',(4.07775062035184,585.508342251482,-25.));
#739=CARTESIAN_POINT('Ctrl Pts',(4.20987716122528,585.622193243605,-25.));
#740=CARTESIAN_POINT('Ctrl Pts',(4.33305829219733,585.744966439408,-25.));
#741=CARTESIAN_POINT('Ctrl Pts',(4.45621548386877,585.867715775189,-25.));
#742=CARTESIAN_POINT('Ctrl Pts',(4.57043074224349,585.999383847064,-25.));
#743=CARTESIAN_POINT('Ctrl Pts',(4.68021670176283,586.134537212279,-25.));
#744=CARTESIAN_POINT('Ctrl Pts',(4.79000084250852,586.26968833847,-25.));
#745=CARTESIAN_POINT('Ctrl Pts',(4.89535583115393,586.408324642524,-25.));
#746=CARTESIAN_POINT('Ctrl Pts',(4.99234341761451,586.552690581408,-25.));
#747=CARTESIAN_POINT('Ctrl Pts',(5.0893865233573,586.697139160695,-25.));
#748=CARTESIAN_POINT('Ctrl Pts',(5.17805264455231,586.847323936399,-25.));
#749=CARTESIAN_POINT('Ctrl Pts',(5.25962952165968,587.001182806095,-25.));
#750=CARTESIAN_POINT('Ctrl Pts',(5.42260100923647,587.308556779706,-25.));
#751=CARTESIAN_POINT('Ctrl Pts',(5.55727884286383,587.630594311619,-25.));
#752=CARTESIAN_POINT('Ctrl Pts',(5.67444530572256,587.95817894826,-25.));
#753=CARTESIAN_POINT('Ctrl Pts',(5.79171222133887,588.286044439844,-25.));
#754=CARTESIAN_POINT('Ctrl Pts',(5.89143772654024,588.619466551863,-25.));
#755=CARTESIAN_POINT('Ctrl Pts',(5.99313110793396,588.952271176054,-25.));
#756=CARTESIAN_POINT('Ctrl Pts',(6.39994347608058,590.283616790112,-25.));
#757=CARTESIAN_POINT('Ctrl Pts',(6.83824787675566,591.605080711997,-25.));
#758=CARTESIAN_POINT('Ctrl Pts',(7.28777105072787,592.922626014453,-25.));
#759=CARTESIAN_POINT('Ctrl Pts',(7.73729554494988,594.24017518654,-25.));
#760=CARTESIAN_POINT('Ctrl Pts',(8.19803887836819,595.553805716179,-25.));
#761=CARTESIAN_POINT('Ctrl Pts',(8.67363365758047,596.862079961488,-25.));
#762=CARTESIAN_POINT('Ctrl Pts',(9.14922936579468,598.170356762311,-25.));
#763=CARTESIAN_POINT('Ctrl Pts',(9.63967657782299,599.473277257878,-25.));
#764=CARTESIAN_POINT('Ctrl Pts',(10.1431168557527,600.771120742635,-25.));
#765=CARTESIAN_POINT('Ctrl Pts',(10.6465580574334,602.068966608775,-25.));
#766=CARTESIAN_POINT('Ctrl Pts',(11.1629923726968,603.361735445474,-25.));
#767=CARTESIAN_POINT('Ctrl Pts',(11.6909674593366,604.649806500448,-25.));
#768=CARTESIAN_POINT('Ctrl Pts',(12.2189431711729,605.937879080678,-25.));
#769=CARTESIAN_POINT('Ctrl Pts',(12.7584596817173,607.221253868056,-25.));
#770=CARTESIAN_POINT('Ctrl Pts',(13.3126811002968,608.498199784474,-25.));
#771=CARTESIAN_POINT('Ctrl Pts',(13.8669029055748,609.775146591859,-25.));
#772=CARTESIAN_POINT('Ctrl Pts',(14.4358296394082,611.045664519312,-25.));
#773=CARTESIAN_POINT('Ctrl Pts',(15.0047563732415,612.316182446765,-25.));
#774=CARTESIAN_POINT('',(25.0747643722137,611.986524518047,-25.));
#775=CARTESIAN_POINT('Origin',(0.,0.,-25.));
#776=CARTESIAN_POINT('',(55.0200244483343,610.023808477755,-25.));
#777=CARTESIAN_POINT('Ctrl Pts',(25.0747643722137,611.986524518047,-25.));
#778=CARTESIAN_POINT('Ctrl Pts',(25.5593771420398,610.681517278308,-25.));
#779=CARTESIAN_POINT('Ctrl Pts',(26.5286023435621,608.071503709376,-25.));
#780=CARTESIAN_POINT('Ctrl Pts',(27.8918760341627,604.123765194926,-25.));
#781=CARTESIAN_POINT('Ctrl Pts',(29.1842081412233,600.152434037416,-25.));
#782=CARTESIAN_POINT('Ctrl Pts',(30.3967542413973,596.155811319758,-25.));
#783=CARTESIAN_POINT('Ctrl Pts',(31.5182777715204,592.132956633926,-25.));
#784=CARTESIAN_POINT('Ctrl Pts',(32.3078811090245,589.101557484595,-25.));
#785=CARTESIAN_POINT('Ctrl Pts',(32.7740750401651,587.066334964599,-25.));
#786=CARTESIAN_POINT('Ctrl Pts',(33.0575536130133,586.240476340526,-25.));
#787=CARTESIAN_POINT('Ctrl Pts',(33.3719477827263,585.618264150053,-25.));
#788=CARTESIAN_POINT('Ctrl Pts',(33.6601908659613,585.182488551951,-25.));
#789=CARTESIAN_POINT('Ctrl Pts',(33.9762872327082,584.765895274256,-25.));
#790=CARTESIAN_POINT('Ctrl Pts',(34.3494688269245,584.399159652004,-25.));
#791=CARTESIAN_POINT('Ctrl Pts',(34.7502030827924,584.063836396094,-25.));
#792=CARTESIAN_POINT('Ctrl Pts',(35.188767523127,583.777840758985,-25.));
#793=CARTESIAN_POINT('Ctrl Pts',(35.6607608696985,583.552851523257,-25.));
#794=CARTESIAN_POINT('Ctrl Pts',(36.1495841187725,583.368123061989,-25.));
#795=CARTESIAN_POINT('Ctrl Pts',(36.6580340167403,583.242379892301,-25.));
#796=CARTESIAN_POINT('Ctrl Pts',(37.3513311647466,583.170280476734,-25.));
#797=CARTESIAN_POINT('Ctrl Pts',(38.220408793263,583.130752505447,-25.));
#798=CARTESIAN_POINT('Ctrl Pts',(39.0872107777688,583.056504915866,-25.));
#799=CARTESIAN_POINT('Ctrl Pts',(39.7839875347401,583.037494074132,-25.));
#800=CARTESIAN_POINT('Ctrl Pts',(40.3045003504831,583.095795464455,-25.));
#801=CARTESIAN_POINT('Ctrl Pts',(40.813253551542,583.215139310759,-25.));
#802=CARTESIAN_POINT('Ctrl Pts',(41.3105759178327,583.376596238105,-25.));
#803=CARTESIAN_POINT('Ctrl Pts',(41.7827183000868,583.602900996452,-25.));
#804=CARTESIAN_POINT('Ctrl Pts',(42.2237926866011,583.883049198912,-25.));
#805=CARTESIAN_POINT('Ctrl Pts',(42.6416502648694,584.197937374577,-25.));
#806=CARTESIAN_POINT('Ctrl Pts',(43.0094187176219,584.569707783904,-25.));
#807=CARTESIAN_POINT('Ctrl Pts',(43.3520759708043,584.964131989267,-25.));
#808=CARTESIAN_POINT('Ctrl Pts',(43.7449954427876,585.539984394366,-25.));
#809=CARTESIAN_POINT('Ctrl Pts',(44.1338449986597,586.321776304735,-25.));
#810=CARTESIAN_POINT('Ctrl Pts',(44.8617004219485,588.278736695269,-25.));
#811=CARTESIAN_POINT('Ctrl Pts',(46.0402255815015,591.181137887637,-25.));
#812=CARTESIAN_POINT('Ctrl Pts',(47.6772422263486,595.023188298087,-25.));
#813=CARTESIAN_POINT('Ctrl Pts',(49.4010787716204,598.827350329013,-25.));
#814=CARTESIAN_POINT('Ctrl Pts',(51.2007175323893,602.596023008921,-25.));
#815=CARTESIAN_POINT('Ctrl Pts',(53.0676115037526,606.332045149332,-25.));
#816=CARTESIAN_POINT('Ctrl Pts',(54.3692199821113,608.793220415407,-25.));
#817=CARTESIAN_POINT('Ctrl Pts',(55.0200244483343,610.023808477755,-25.));
#818=CARTESIAN_POINT('Origin',(0.,0.,-25.));
#819=CARTESIAN_POINT('Ctrl Pts',(55.0200244483343,610.023808477755,0.));
#820=CARTESIAN_POINT('Ctrl Pts',(55.0200244483343,610.023808477755,-37.5));
#821=CARTESIAN_POINT('Ctrl Pts',(54.3692199821113,608.793220415407,0.));
#822=CARTESIAN_POINT('Ctrl Pts',(54.3692199821113,608.793220415407,-37.5));
#823=CARTESIAN_POINT('Ctrl Pts',(53.0676115037526,606.332045149332,0.));
#824=CARTESIAN_POINT('Ctrl Pts',(53.0676115037526,606.332045149332,-37.5));
#825=CARTESIAN_POINT('Ctrl Pts',(51.2007175323893,602.596023008921,0.));
#826=CARTESIAN_POINT('Ctrl Pts',(51.2007175323893,602.596023008921,-37.5));
#827=CARTESIAN_POINT('Ctrl Pts',(49.4010787716204,598.827350329013,0.));
#828=CARTESIAN_POINT('Ctrl Pts',(49.4010787716204,598.827350329013,-37.5));
#829=CARTESIAN_POINT('Ctrl Pts',(47.6772422263486,595.023188298087,0.));
#830=CARTESIAN_POINT('Ctrl Pts',(47.6772422263486,595.023188298087,-37.5));
#831=CARTESIAN_POINT('Ctrl Pts',(46.0402255815015,591.181137887637,0.));
#832=CARTESIAN_POINT('Ctrl Pts',(46.0402255815015,591.181137887637,-37.5));
#833=CARTESIAN_POINT('Ctrl Pts',(44.8617004219485,588.278736695269,0.));
#834=CARTESIAN_POINT('Ctrl Pts',(44.8617004219485,588.278736695269,-37.5));
#835=CARTESIAN_POINT('Ctrl Pts',(44.1338449986597,586.321776304735,0.));
#836=CARTESIAN_POINT('Ctrl Pts',(44.1338449986597,586.321776304735,-37.5));
#837=CARTESIAN_POINT('Ctrl Pts',(43.7449954427876,585.539984394366,0.));
#838=CARTESIAN_POINT('Ctrl Pts',(43.7449954427876,585.539984394366,-37.5));
#839=CARTESIAN_POINT('Ctrl Pts',(43.3520759708043,584.964131989267,0.));
#840=CARTESIAN_POINT('Ctrl Pts',(43.3520759708043,584.964131989267,-37.5));
#841=CARTESIAN_POINT('Ctrl Pts',(43.0094187176219,584.569707783904,0.));
#842=CARTESIAN_POINT('Ctrl Pts',(43.0094187176219,584.569707783904,-37.5));
#843=CARTESIAN_POINT('Ctrl Pts',(42.6416502648694,584.197937374577,0.));
#844=CARTESIAN_POINT('Ctrl Pts',(42.6416502648694,584.197937374577,-37.5));
#845=CARTESIAN_POINT('Ctrl Pts',(42.2237926866011,583.883049198912,0.));
#846=CARTESIAN_POINT('Ctrl Pts',(42.2237926866011,583.883049198912,-37.5));
#847=CARTESIAN_POINT('Ctrl Pts',(41.7827183000868,583.602900996452,0.));
#848=CARTESIAN_POINT('Ctrl Pts',(41.7827183000868,583.602900996452,-37.5));
#849=CARTESIAN_POINT('Ctrl Pts',(41.3105759178327,583.376596238105,0.));
#850=CARTESIAN_POINT('Ctrl Pts',(41.3105759178327,583.376596238105,-37.5));
#851=CARTESIAN_POINT('Ctrl Pts',(40.813253551542,583.215139310759,0.));
#852=CARTESIAN_POINT('Ctrl Pts',(40.813253551542,583.215139310759,-37.5));
#853=CARTESIAN_POINT('Ctrl Pts',(40.3045003504831,583.095795464455,0.));
#854=CARTESIAN_POINT('Ctrl Pts',(40.3045003504831,583.095795464455,-37.5));
#855=CARTESIAN_POINT('Ctrl Pts',(39.7839875347401,583.037494074132,0.));
#856=CARTESIAN_POINT('Ctrl Pts',(39.7839875347401,583.037494074132,-37.5));
#857=CARTESIAN_POINT('Ctrl Pts',(39.0872107777688,583.056504915866,0.));
#858=CARTESIAN_POINT('Ctrl Pts',(39.0872107777688,583.056504915866,-37.5));
#859=CARTESIAN_POINT('Ctrl Pts',(38.220408793263,583.130752505447,0.));
#860=CARTESIAN_POINT('Ctrl Pts',(38.220408793263,583.130752505447,-37.5));
#861=CARTESIAN_POINT('Ctrl Pts',(37.3513311647466,583.170280476734,0.));
#862=CARTESIAN_POINT('Ctrl Pts',(37.3513311647466,583.170280476734,-37.5));
#863=CARTESIAN_POINT('Ctrl Pts',(36.6580340167403,583.242379892301,0.));
#864=CARTESIAN_POINT('Ctrl Pts',(36.6580340167403,583.242379892301,-37.5));
#865=CARTESIAN_POINT('Ctrl Pts',(36.1495841187725,583.368123061989,0.));
#866=CARTESIAN_POINT('Ctrl Pts',(36.1495841187725,583.368123061989,-37.5));
#867=CARTESIAN_POINT('Ctrl Pts',(35.6607608696985,583.552851523257,0.));
#868=CARTESIAN_POINT('Ctrl Pts',(35.6607608696985,583.552851523257,-37.5));
#869=CARTESIAN_POINT('Ctrl Pts',(35.188767523127,583.777840758985,0.));
#870=CARTESIAN_POINT('Ctrl Pts',(35.188767523127,583.777840758985,-37.5));
#871=CARTESIAN_POINT('Ctrl Pts',(34.7502030827924,584.063836396094,0.));
#872=CARTESIAN_POINT('Ctrl Pts',(34.7502030827924,584.063836396094,-37.5));
#873=CARTESIAN_POINT('Ctrl Pts',(34.3494688269245,584.399159652004,0.));
#874=CARTESIAN_POINT('Ctrl Pts',(34.3494688269245,584.399159652004,-37.5));
#875=CARTESIAN_POINT('Ctrl Pts',(33.9762872327082,584.765895274256,0.));
#876=CARTESIAN_POINT('Ctrl Pts',(33.9762872327082,584.765895274256,-37.5));
#877=CARTESIAN_POINT('Ctrl Pts',(33.6601908659613,585.182488551951,0.));
#878=CARTESIAN_POINT('Ctrl Pts',(33.6601908659613,585.182488551951,-37.5));
#879=CARTESIAN_POINT('Ctrl Pts',(33.3719477827263,585.618264150053,0.));
#880=CARTESIAN_POINT('Ctrl Pts',(33.3719477827263,585.618264150053,-37.5));
#881=CARTESIAN_POINT('Ctrl Pts',(33.0575536130133,586.240476340526,0.));
#882=CARTESIAN_POINT('Ctrl Pts',(33.0575536130133,586.240476340526,-37.5));
#883=CARTESIAN_POINT('Ctrl Pts',(32.7740750401651,587.066334964599,0.));
#884=CARTESIAN_POINT('Ctrl Pts',(32.7740750401651,587.066334964599,-37.5));
#885=CARTESIAN_POINT('Ctrl Pts',(32.3078811090245,589.101557484595,0.));
#886=CARTESIAN_POINT('Ctrl Pts',(32.3078811090245,589.101557484595,-37.5));
#887=CARTESIAN_POINT('Ctrl Pts',(31.5182777715204,592.132956633926,0.));
#888=CARTESIAN_POINT('Ctrl Pts',(31.5182777715204,592.132956633926,-37.5));
#889=CARTESIAN_POINT('Ctrl Pts',(30.3967542413973,596.155811319758,0.));
#890=CARTESIAN_POINT('Ctrl Pts',(30.3967542413973,596.155811319758,-37.5));
#891=CARTESIAN_POINT('Ctrl Pts',(29.1842081412233,600.152434037416,0.));
#892=CARTESIAN_POINT('Ctrl Pts',(29.1842081412233,600.152434037416,-37.5));
#893=CARTESIAN_POINT('Ctrl Pts',(27.8918760341627,604.123765194926,0.));
#894=CARTESIAN_POINT('Ctrl Pts',(27.8918760341627,604.123765194926,-37.5));
#895=CARTESIAN_POINT('Ctrl Pts',(26.5286023435621,608.071503709376,0.));
#896=CARTESIAN_POINT('Ctrl Pts',(26.5286023435621,608.071503709376,-37.5));
#897=CARTESIAN_POINT('Ctrl Pts',(25.5593771420398,610.681517278308,0.));
#898=CARTESIAN_POINT('Ctrl Pts',(25.5593771420398,610.681517278308,-37.5));
#899=CARTESIAN_POINT('Ctrl Pts',(25.0747643722137,611.986524518047,0.));
#900=CARTESIAN_POINT('Ctrl Pts',(25.0747643722137,611.986524518047,-37.5));
#901=CARTESIAN_POINT('',(25.0747643722137,611.986524518047,0.));
#902=CARTESIAN_POINT('',(25.0747643722137,611.986524518047,0.));
#903=CARTESIAN_POINT('',(55.0200244483343,610.023808477755,0.));
#904=CARTESIAN_POINT('Ctrl Pts',(55.0200244483343,610.023808477755,0.));
#905=CARTESIAN_POINT('Ctrl Pts',(54.3692199821113,608.793220415407,0.));
#906=CARTESIAN_POINT('Ctrl Pts',(53.0676115037526,606.332045149332,0.));
#907=CARTESIAN_POINT('Ctrl Pts',(51.2007175323893,602.596023008921,0.));
#908=CARTESIAN_POINT('Ctrl Pts',(49.4010787716204,598.827350329013,0.));
#909=CARTESIAN_POINT('Ctrl Pts',(47.6772422263486,595.023188298087,0.));
#910=CARTESIAN_POINT('Ctrl Pts',(46.0402255815015,591.181137887637,0.));
#911=CARTESIAN_POINT('Ctrl Pts',(44.8617004219485,588.278736695269,0.));
#912=CARTESIAN_POINT('Ctrl Pts',(44.1338449986597,586.321776304735,0.));
#913=CARTESIAN_POINT('Ctrl Pts',(43.7449954427876,585.539984394366,0.));
#914=CARTESIAN_POINT('Ctrl Pts',(43.3520759708043,584.964131989267,0.));
#915=CARTESIAN_POINT('Ctrl Pts',(43.0094187176219,584.569707783904,0.));
#916=CARTESIAN_POINT('Ctrl Pts',(42.6416502648694,584.197937374577,0.));
#917=CARTESIAN_POINT('Ctrl Pts',(42.2237926866011,583.883049198912,0.));
#918=CARTESIAN_POINT('Ctrl Pts',(41.7827183000868,583.602900996452,0.));
#919=CARTESIAN_POINT('Ctrl Pts',(41.3105759178327,583.376596238105,0.));
#920=CARTESIAN_POINT('Ctrl Pts',(40.813253551542,583.215139310759,0.));
#921=CARTESIAN_POINT('Ctrl Pts',(40.3045003504831,583.095795464455,0.));
#922=CARTESIAN_POINT('Ctrl Pts',(39.7839875347401,583.037494074132,0.));
#923=CARTESIAN_POINT('Ctrl Pts',(39.0872107777688,583.056504915866,0.));
#924=CARTESIAN_POINT('Ctrl Pts',(38.220408793263,583.130752505447,0.));
#925=CARTESIAN_POINT('Ctrl Pts',(37.3513311647466,583.170280476734,0.));
#926=CARTESIAN_POINT('Ctrl Pts',(36.6580340167403,583.242379892301,0.));
#927=CARTESIAN_POINT('Ctrl Pts',(36.1495841187725,583.368123061989,0.));
#928=CARTESIAN_POINT('Ctrl Pts',(35.6607608696985,583.552851523257,0.));
#929=CARTESIAN_POINT('Ctrl Pts',(35.188767523127,583.777840758985,0.));
#930=CARTESIAN_POINT('Ctrl Pts',(34.7502030827924,584.063836396094,0.));
#931=CARTESIAN_POINT('Ctrl Pts',(34.3494688269245,584.399159652004,0.));
#932=CARTESIAN_POINT('Ctrl Pts',(33.9762872327082,584.765895274256,0.));
#933=CARTESIAN_POINT('Ctrl Pts',(33.6601908659613,585.182488551951,0.));
#934=CARTESIAN_POINT('Ctrl Pts',(33.3719477827263,585.618264150053,0.));
#935=CARTESIAN_POINT('Ctrl Pts',(33.0575536130133,586.240476340526,0.));
#936=CARTESIAN_POINT('Ctrl Pts',(32.7740750401651,587.066334964599,0.));
#937=CARTESIAN_POINT('Ctrl Pts',(32.3078811090245,589.101557484595,0.));
#938=CARTESIAN_POINT('Ctrl Pts',(31.5182777715204,592.132956633926,0.));
#939=CARTESIAN_POINT('Ctrl Pts',(30.3967542413973,596.155811319758,0.));
#940=CARTESIAN_POINT('Ctrl Pts',(29.1842081412233,600.152434037416,0.));
#941=CARTESIAN_POINT('Ctrl Pts',(27.8918760341627,604.123765194926,0.));
#942=CARTESIAN_POINT('Ctrl Pts',(26.5286023435621,608.071503709376,0.));
#943=CARTESIAN_POINT('Ctrl Pts',(25.5593771420398,610.681517278308,0.));
#944=CARTESIAN_POINT('Ctrl Pts',(25.0747643722137,611.986524518047,0.));
#945=CARTESIAN_POINT('',(55.0200244483343,610.023808477755,0.));
#946=CARTESIAN_POINT('Ctrl Pts',(-65.0469111270784,609.036246337462,0.));
#947=CARTESIAN_POINT('Ctrl Pts',(-65.0469111270784,609.036246337462,-37.5));
#948=CARTESIAN_POINT('Ctrl Pts',(-65.4451347466179,607.702338026786,0.));
#949=CARTESIAN_POINT('Ctrl Pts',(-65.4451347466179,607.702338026786,-37.5));
#950=CARTESIAN_POINT('Ctrl Pts',(-66.2415817078434,605.034522336145,0.));
#951=CARTESIAN_POINT('Ctrl Pts',(-66.2415817078434,605.034522336145,-37.5));
#952=CARTESIAN_POINT('Ctrl Pts',(-67.3437420725978,601.006073867526,0.));
#953=CARTESIAN_POINT('Ctrl Pts',(-67.3437420725978,601.006073867526,-37.5));
#954=CARTESIAN_POINT('Ctrl Pts',(-68.3735697125065,596.958723071064,0.));
#955=CARTESIAN_POINT('Ctrl Pts',(-68.3735697125065,596.958723071064,-37.5));
#956=CARTESIAN_POINT('Ctrl Pts',(-69.3221280263154,592.891353120143,0.));
#957=CARTESIAN_POINT('Ctrl Pts',(-69.3221280263154,592.891353120143,-37.5));
#958=CARTESIAN_POINT('Ctrl Pts',(-70.1781430035797,588.803760526617,0.));
#959=CARTESIAN_POINT('Ctrl Pts',(-70.1781430035797,588.803760526617,-37.5));
#960=CARTESIAN_POINT('Ctrl Pts',(-70.767792749415,585.727209306436,0.));
#961=CARTESIAN_POINT('Ctrl Pts',(-70.767792749415,585.727209306436,-37.5));
#962=CARTESIAN_POINT('Ctrl Pts',(-71.0998786020762,583.665853812158,0.));
#963=CARTESIAN_POINT('Ctrl Pts',(-71.0998786020762,583.665853812158,-37.5));
#964=CARTESIAN_POINT('Ctrl Pts',(-71.3287364872235,582.823223029059,0.));
#965=CARTESIAN_POINT('Ctrl Pts',(-71.3287364872235,582.823223029059,-37.5));
#966=CARTESIAN_POINT('Ctrl Pts',(-71.6017628905839,582.181780680137,0.));
#967=CARTESIAN_POINT('Ctrl Pts',(-71.6017628905839,582.181780680137,-37.5));
#968=CARTESIAN_POINT('Ctrl Pts',(-71.8608877354935,581.728086111418,0.));
#969=CARTESIAN_POINT('Ctrl Pts',(-71.8608877354935,581.728086111418,-37.5));
#970=CARTESIAN_POINT('Ctrl Pts',(-72.1490608116781,581.291711100386,0.));
#971=CARTESIAN_POINT('Ctrl Pts',(-72.1490608116781,581.291711100386,-37.5));
#972=CARTESIAN_POINT('Ctrl Pts',(-72.497457738159,580.901353443219,0.));
#973=CARTESIAN_POINT('Ctrl Pts',(-72.497457738159,580.901353443219,-37.5));
#974=CARTESIAN_POINT('Ctrl Pts',(-72.875402800985,580.540538865817,0.));
#975=CARTESIAN_POINT('Ctrl Pts',(-72.875402800985,580.540538865817,-37.5));
#976=CARTESIAN_POINT('Ctrl Pts',(-73.2943232315746,580.226472080554,0.));
#977=CARTESIAN_POINT('Ctrl Pts',(-73.2943232315746,580.226472080554,-37.5));
#978=CARTESIAN_POINT('Ctrl Pts',(-73.7505910041001,579.971094722208,0.));
#979=CARTESIAN_POINT('Ctrl Pts',(-73.7505910041001,579.971094722208,-37.5));
#980=CARTESIAN_POINT('Ctrl Pts',(-74.2262858256507,579.754791208626,0.));
#981=CARTESIAN_POINT('Ctrl Pts',(-74.2262858256507,579.754791208626,-37.5));
#982=CARTESIAN_POINT('Ctrl Pts',(-74.7254230965805,579.596063050332,0.));
#983=CARTESIAN_POINT('Ctrl Pts',(-74.7254230965805,579.596063050332,-37.5));
#984=CARTESIAN_POINT('Ctrl Pts',(-75.4125203147809,579.478774202183,0.));
#985=CARTESIAN_POINT('Ctrl Pts',(-75.4125203147809,579.478774202183,-37.5));
#986=CARTESIAN_POINT('Ctrl Pts',(-76.2771519283686,579.382490466867,0.));
#987=CARTESIAN_POINT('Ctrl Pts',(-76.2771519283686,579.382490466867,-37.5));
#988=CARTESIAN_POINT('Ctrl Pts',(-77.1372419985922,579.251710284865,0.));
#989=CARTESIAN_POINT('Ctrl Pts',(-77.1372419985922,579.251710284865,-37.5));
#990=CARTESIAN_POINT('Ctrl Pts',(-77.8312835345026,579.187168766522,0.));
#991=CARTESIAN_POINT('Ctrl Pts',(-77.8312835345026,579.187168766522,-37.5));
#992=CARTESIAN_POINT('Ctrl Pts',(-78.3544949857176,579.211302162139,0.));
#993=CARTESIAN_POINT('Ctrl Pts',(-78.3544949857176,579.211302162139,-37.5));
#994=CARTESIAN_POINT('Ctrl Pts',(-78.8699643681227,579.297116432752,0.));
#995=CARTESIAN_POINT('Ctrl Pts',(-78.8699643681227,579.297116432752,-37.5));
#996=CARTESIAN_POINT('Ctrl Pts',(-79.3767817173365,579.425701229431,0.));
#997=CARTESIAN_POINT('Ctrl Pts',(-79.3767817173365,579.425701229431,-37.5));
#998=CARTESIAN_POINT('Ctrl Pts',(-79.8627142458638,579.620641862677,0.));
#999=CARTESIAN_POINT('Ctrl Pts',(-79.8627142458638,579.620641862677,-37.5));
#1000=CARTESIAN_POINT('Ctrl Pts',(-80.3211668273474,579.871342601231,0.));
#1001=CARTESIAN_POINT('Ctrl Pts',(-80.3211668273474,579.871342601231,-37.5));
#1002=CARTESIAN_POINT('Ctrl Pts',(-80.7587244125121,580.158227383949,0.));
#1003=CARTESIAN_POINT('Ctrl Pts',(-80.7587244125121,580.158227383949,-37.5));
#1004=CARTESIAN_POINT('Ctrl Pts',(-81.1500203929017,580.50514859665,0.));
#1005=CARTESIAN_POINT('Ctrl Pts',(-81.1500203929017,580.50514859665,-37.5));
#1006=CARTESIAN_POINT('Ctrl Pts',(-81.5177405678771,580.8763174529,0.));
#1007=CARTESIAN_POINT('Ctrl Pts',(-81.5177405678771,580.8763174529,-37.5));
#1008=CARTESIAN_POINT('Ctrl Pts',(-81.9474813183779,581.425238750795,0.));
#1009=CARTESIAN_POINT('Ctrl Pts',(-81.9474813183779,581.425238750795,-37.5));
#1010=CARTESIAN_POINT('Ctrl Pts',(-82.3866299548473,582.179924806918,0.));
#1011=CARTESIAN_POINT('Ctrl Pts',(-82.3866299548473,582.179924806918,-37.5));
#1012=CARTESIAN_POINT('Ctrl Pts',(-83.2409183171239,584.085091172727,0.));
#1013=CARTESIAN_POINT('Ctrl Pts',(-83.2409183171239,584.085091172727,-37.5));
#1014=CARTESIAN_POINT('Ctrl Pts',(-84.6067462841075,586.904198868038,0.));
#1015=CARTESIAN_POINT('Ctrl Pts',(-84.6067462841075,586.904198868038,-37.5));
#1016=CARTESIAN_POINT('Ctrl Pts',(-86.4915400701612,590.630957142464,0.));
#1017=CARTESIAN_POINT('Ctrl Pts',(-86.4915400701612,590.630957142464,-37.5));
#1018=CARTESIAN_POINT('Ctrl Pts',(-88.4604898499872,594.314229866126,0.));
#1019=CARTESIAN_POINT('Ctrl Pts',(-88.4604898499872,594.314229866126,-37.5));
#1020=CARTESIAN_POINT('Ctrl Pts',(-90.502758432336,597.9571315221,0.));
#1021=CARTESIAN_POINT('Ctrl Pts',(-90.502758432336,597.9571315221,-37.5));
#1022=CARTESIAN_POINT('Ctrl Pts',(-92.6100027792575,601.563053844658,0.));
#1023=CARTESIAN_POINT('Ctrl Pts',(-92.6100027792575,601.563053844658,-37.5));
#1024=CARTESIAN_POINT('Ctrl Pts',(-94.0697929779358,603.933830278048,0.));
#1025=CARTESIAN_POINT('Ctrl Pts',(-94.0697929779358,603.933830278048,-37.5));
#1026=CARTESIAN_POINT('Ctrl Pts',(-94.7996883319108,605.119218908285,0.));
#1027=CARTESIAN_POINT('Ctrl Pts',(-94.7996883319108,605.119218908285,-37.5));
#1028=CARTESIAN_POINT('',(-65.0469111270784,609.036246337462,0.));
#1029=CARTESIAN_POINT('Ctrl Pts',(-65.0469111270784,609.036246337462,0.));
#1030=CARTESIAN_POINT('Ctrl Pts',(-65.4451347466179,607.702338026786,0.));
#1031=CARTESIAN_POINT('Ctrl Pts',(-66.2415817078434,605.034522336145,0.));
#1032=CARTESIAN_POINT('Ctrl Pts',(-67.3437420725978,601.006073867526,0.));
#1033=CARTESIAN_POINT('Ctrl Pts',(-68.3735697125065,596.958723071064,0.));
#1034=CARTESIAN_POINT('Ctrl Pts',(-69.3221280263154,592.891353120143,0.));
#1035=CARTESIAN_POINT('Ctrl Pts',(-70.1781430035797,588.803760526617,0.));
#1036=CARTESIAN_POINT('Ctrl Pts',(-70.767792749415,585.727209306436,0.));
#1037=CARTESIAN_POINT('Ctrl Pts',(-71.0998786020762,583.665853812158,0.));
#1038=CARTESIAN_POINT('Ctrl Pts',(-71.3287364872235,582.823223029059,0.));
#1039=CARTESIAN_POINT('Ctrl Pts',(-71.6017628905839,582.181780680137,0.));
#1040=CARTESIAN_POINT('Ctrl Pts',(-71.8608877354935,581.728086111418,0.));
#1041=CARTESIAN_POINT('Ctrl Pts',(-72.1490608116781,581.291711100386,0.));
#1042=CARTESIAN_POINT('Ctrl Pts',(-72.497457738159,580.901353443219,0.));
#1043=CARTESIAN_POINT('Ctrl Pts',(-72.875402800985,580.540538865817,0.));
#1044=CARTESIAN_POINT('Ctrl Pts',(-73.2943232315746,580.226472080554,0.));
#1045=CARTESIAN_POINT('Ctrl Pts',(-73.7505910041001,579.971094722208,0.));
#1046=CARTESIAN_POINT('Ctrl Pts',(-74.2262858256507,579.754791208626,0.));
#1047=CARTESIAN_POINT('Ctrl Pts',(-74.7254230965805,579.596063050332,0.));
#1048=CARTESIAN_POINT('Ctrl Pts',(-75.4125203147809,579.478774202183,0.));
#1049=CARTESIAN_POINT('Ctrl Pts',(-75.9312836322806,579.42100570382,0.));
#1050=CARTESIAN_POINT('Ctrl Pts',(-76.2762435785926,579.37559086532,0.));
#1051=CARTESIAN_POINT('',(-65.0469111270784,609.036246337462,0.));
#1052=CARTESIAN_POINT('Ctrl Pts',(-25.0747643722133,611.986524518047,0.));
#1053=CARTESIAN_POINT('Ctrl Pts',(-25.0747643722133,611.986524518047,-37.5));
#1054=CARTESIAN_POINT('Ctrl Pts',(-25.5593771420395,610.681517278308,0.));
#1055=CARTESIAN_POINT('Ctrl Pts',(-25.5593771420395,610.681517278308,-37.5));
#1056=CARTESIAN_POINT('Ctrl Pts',(-26.5286023435618,608.071503709376,0.));
#1057=CARTESIAN_POINT('Ctrl Pts',(-26.5286023435618,608.071503709376,-37.5));
#1058=CARTESIAN_POINT('Ctrl Pts',(-27.891876034162,604.123765194926,0.));
#1059=CARTESIAN_POINT('Ctrl Pts',(-27.891876034162,604.123765194926,-37.5));
#1060=CARTESIAN_POINT('Ctrl Pts',(-29.1842081412233,600.152434037416,0.));
#1061=CARTESIAN_POINT('Ctrl Pts',(-29.1842081412233,600.152434037416,-37.5));
#1062=CARTESIAN_POINT('Ctrl Pts',(-30.3967542413966,596.155811319758,0.));
#1063=CARTESIAN_POINT('Ctrl Pts',(-30.3967542413966,596.155811319758,-37.5));
#1064=CARTESIAN_POINT('Ctrl Pts',(-31.5182777715202,592.132956633926,0.));
#1065=CARTESIAN_POINT('Ctrl Pts',(-31.5182777715202,592.132956633926,-37.5));
#1066=CARTESIAN_POINT('Ctrl Pts',(-32.307881109024,589.101557484595,0.));
#1067=CARTESIAN_POINT('Ctrl Pts',(-32.307881109024,589.101557484595,-37.5));
#1068=CARTESIAN_POINT('Ctrl Pts',(-32.7740750401648,587.066334964599,0.));
#1069=CARTESIAN_POINT('Ctrl Pts',(-32.7740750401648,587.066334964599,-37.5));
#1070=CARTESIAN_POINT('Ctrl Pts',(-33.0575536130129,586.240476340526,0.));
#1071=CARTESIAN_POINT('Ctrl Pts',(-33.0575536130129,586.240476340526,-37.5));
#1072=CARTESIAN_POINT('Ctrl Pts',(-33.371947782726,585.618264150053,0.));
#1073=CARTESIAN_POINT('Ctrl Pts',(-33.371947782726,585.618264150053,-37.5));
#1074=CARTESIAN_POINT('Ctrl Pts',(-33.6601908659608,585.182488551951,0.));
#1075=CARTESIAN_POINT('Ctrl Pts',(-33.6601908659608,585.182488551951,-37.5));
#1076=CARTESIAN_POINT('Ctrl Pts',(-33.9762872327081,584.765895274256,0.));
#1077=CARTESIAN_POINT('Ctrl Pts',(-33.9762872327081,584.765895274256,-37.5));
#1078=CARTESIAN_POINT('Ctrl Pts',(-34.3494688269237,584.399159652004,0.));
#1079=CARTESIAN_POINT('Ctrl Pts',(-34.3494688269237,584.399159652004,-37.5));
#1080=CARTESIAN_POINT('Ctrl Pts',(-34.7502030827924,584.063836396094,0.));
#1081=CARTESIAN_POINT('Ctrl Pts',(-34.7502030827924,584.063836396094,-37.5));
#1082=CARTESIAN_POINT('Ctrl Pts',(-35.1887675231268,583.777840758985,0.));
#1083=CARTESIAN_POINT('Ctrl Pts',(-35.1887675231268,583.777840758985,-37.5));
#1084=CARTESIAN_POINT('Ctrl Pts',(-35.6607608696978,583.552851523257,0.));
#1085=CARTESIAN_POINT('Ctrl Pts',(-35.6607608696978,583.552851523257,-37.5));
#1086=CARTESIAN_POINT('Ctrl Pts',(-36.1495841187723,583.368123061989,0.));
#1087=CARTESIAN_POINT('Ctrl Pts',(-36.1495841187723,583.368123061989,-37.5));
#1088=CARTESIAN_POINT('Ctrl Pts',(-36.6580340167399,583.242379892301,0.));
#1089=CARTESIAN_POINT('Ctrl Pts',(-36.6580340167399,583.242379892301,-37.5));
#1090=CARTESIAN_POINT('Ctrl Pts',(-37.3513311647463,583.170280476734,0.));
#1091=CARTESIAN_POINT('Ctrl Pts',(-37.3513311647463,583.170280476734,-37.5));
#1092=CARTESIAN_POINT('Ctrl Pts',(-38.2204087932626,583.130752505447,0.));
#1093=CARTESIAN_POINT('Ctrl Pts',(-38.2204087932626,583.130752505447,-37.5));
#1094=CARTESIAN_POINT('Ctrl Pts',(-39.0872107777684,583.056504915866,0.));
#1095=CARTESIAN_POINT('Ctrl Pts',(-39.0872107777684,583.056504915866,-37.5));
#1096=CARTESIAN_POINT('Ctrl Pts',(-39.7839875347397,583.037494074132,0.));
#1097=CARTESIAN_POINT('Ctrl Pts',(-39.7839875347397,583.037494074132,-37.5));
#1098=CARTESIAN_POINT('Ctrl Pts',(-40.3045003504829,583.095795464455,0.));
#1099=CARTESIAN_POINT('Ctrl Pts',(-40.3045003504829,583.095795464455,-37.5));
#1100=CARTESIAN_POINT('Ctrl Pts',(-40.8132535515415,583.215139310759,0.));
#1101=CARTESIAN_POINT('Ctrl Pts',(-40.8132535515415,583.215139310759,-37.5));
#1102=CARTESIAN_POINT('Ctrl Pts',(-41.3105759178324,583.376596238104,0.));
#1103=CARTESIAN_POINT('Ctrl Pts',(-41.3105759178324,583.376596238104,-37.5));
#1104=CARTESIAN_POINT('Ctrl Pts',(-41.7827183000868,583.602900996451,0.));
#1105=CARTESIAN_POINT('Ctrl Pts',(-41.7827183000868,583.602900996451,-37.5));
#1106=CARTESIAN_POINT('Ctrl Pts',(-42.2237926866003,583.883049198912,0.));
#1107=CARTESIAN_POINT('Ctrl Pts',(-42.2237926866003,583.883049198912,-37.5));
#1108=CARTESIAN_POINT('Ctrl Pts',(-42.6416502648693,584.197937374577,0.));
#1109=CARTESIAN_POINT('Ctrl Pts',(-42.6416502648693,584.197937374577,-37.5));
#1110=CARTESIAN_POINT('Ctrl Pts',(-43.0094187176215,584.569707783904,0.));
#1111=CARTESIAN_POINT('Ctrl Pts',(-43.0094187176215,584.569707783904,-37.5));
#1112=CARTESIAN_POINT('Ctrl Pts',(-43.352075970804,584.964131989267,0.));
#1113=CARTESIAN_POINT('Ctrl Pts',(-43.352075970804,584.964131989267,-37.5));
#1114=CARTESIAN_POINT('Ctrl Pts',(-43.7449954427872,585.539984394366,0.));
#1115=CARTESIAN_POINT('Ctrl Pts',(-43.7449954427872,585.539984394366,-37.5));
#1116=CARTESIAN_POINT('Ctrl Pts',(-44.1338449986594,586.321776304735,0.));
#1117=CARTESIAN_POINT('Ctrl Pts',(-44.1338449986594,586.321776304735,-37.5));
#1118=CARTESIAN_POINT('Ctrl Pts',(-44.8617004219481,588.278736695269,0.));
#1119=CARTESIAN_POINT('Ctrl Pts',(-44.8617004219481,588.278736695269,-37.5));
#1120=CARTESIAN_POINT('Ctrl Pts',(-46.0402255815013,591.181137887637,0.));
#1121=CARTESIAN_POINT('Ctrl Pts',(-46.0402255815013,591.181137887637,-37.5));
#1122=CARTESIAN_POINT('Ctrl Pts',(-47.677242226348,595.023188298087,0.));
#1123=CARTESIAN_POINT('Ctrl Pts',(-47.677242226348,595.023188298087,-37.5));
#1124=CARTESIAN_POINT('Ctrl Pts',(-49.4010787716205,598.827350329012,0.));
#1125=CARTESIAN_POINT('Ctrl Pts',(-49.4010787716205,598.827350329012,-37.5));
#1126=CARTESIAN_POINT('Ctrl Pts',(-51.2007175323887,602.596023008921,0.));
#1127=CARTESIAN_POINT('Ctrl Pts',(-51.2007175323887,602.596023008921,-37.5));
#1128=CARTESIAN_POINT('Ctrl Pts',(-53.0676115037523,606.332045149332,0.));
#1129=CARTESIAN_POINT('Ctrl Pts',(-53.0676115037523,606.332045149332,-37.5));
#1130=CARTESIAN_POINT('Ctrl Pts',(-54.369219982111,608.793220415407,0.));
#1131=CARTESIAN_POINT('Ctrl Pts',(-54.369219982111,608.793220415407,-37.5));
#1132=CARTESIAN_POINT('Ctrl Pts',(-55.0200244483339,610.023808477755,0.));
#1133=CARTESIAN_POINT('Ctrl Pts',(-55.0200244483339,610.023808477755,-37.5));
#1134=CARTESIAN_POINT('',(-55.0200244483339,610.023808477755,0.));
#1135=CARTESIAN_POINT('',(-55.0200244483339,610.023808477755,0.));
#1136=CARTESIAN_POINT('',(-25.0747643722133,611.986524518047,0.));
#1137=CARTESIAN_POINT('Ctrl Pts',(-25.0747643722133,611.986524518047,0.));
#1138=CARTESIAN_POINT('Ctrl Pts',(-25.5593771420395,610.681517278308,0.));
#1139=CARTESIAN_POINT('Ctrl Pts',(-26.5286023435618,608.071503709376,0.));
#1140=CARTESIAN_POINT('Ctrl Pts',(-27.891876034162,604.123765194926,0.));
#1141=CARTESIAN_POINT('Ctrl Pts',(-29.1842081412233,600.152434037416,0.));
#1142=CARTESIAN_POINT('Ctrl Pts',(-30.3967542413966,596.155811319758,0.));
#1143=CARTESIAN_POINT('Ctrl Pts',(-31.5182777715202,592.132956633926,0.));
#1144=CARTESIAN_POINT('Ctrl Pts',(-32.307881109024,589.101557484595,0.));
#1145=CARTESIAN_POINT('Ctrl Pts',(-32.7740750401648,587.066334964599,0.));
#1146=CARTESIAN_POINT('Ctrl Pts',(-33.0575536130129,586.240476340526,0.));
#1147=CARTESIAN_POINT('Ctrl Pts',(-33.371947782726,585.618264150053,0.));
#1148=CARTESIAN_POINT('Ctrl Pts',(-33.6601908659608,585.182488551951,0.));
#1149=CARTESIAN_POINT('Ctrl Pts',(-33.9762872327081,584.765895274256,0.));
#1150=CARTESIAN_POINT('Ctrl Pts',(-34.3494688269237,584.399159652004,0.));
#1151=CARTESIAN_POINT('Ctrl Pts',(-34.7502030827924,584.063836396094,0.));
#1152=CARTESIAN_POINT('Ctrl Pts',(-35.1887675231268,583.777840758985,0.));
#1153=CARTESIAN_POINT('Ctrl Pts',(-35.6607608696978,583.552851523257,0.));
#1154=CARTESIAN_POINT('Ctrl Pts',(-36.1495841187723,583.368123061989,0.));
#1155=CARTESIAN_POINT('Ctrl Pts',(-36.6580340167399,583.242379892301,0.));
#1156=CARTESIAN_POINT('Ctrl Pts',(-37.3513311647463,583.170280476734,0.));
#1157=CARTESIAN_POINT('Ctrl Pts',(-38.2204087932626,583.130752505447,0.));
#1158=CARTESIAN_POINT('Ctrl Pts',(-39.0872107777684,583.056504915866,0.));
#1159=CARTESIAN_POINT('Ctrl Pts',(-39.7839875347397,583.037494074132,0.));
#1160=CARTESIAN_POINT('Ctrl Pts',(-40.3045003504829,583.095795464455,0.));
#1161=CARTESIAN_POINT('Ctrl Pts',(-40.8132535515415,583.215139310759,0.));
#1162=CARTESIAN_POINT('Ctrl Pts',(-41.3105759178324,583.376596238104,0.));
#1163=CARTESIAN_POINT('Ctrl Pts',(-41.7827183000868,583.602900996451,0.));
#1164=CARTESIAN_POINT('Ctrl Pts',(-42.2237926866003,583.883049198912,0.));
#1165=CARTESIAN_POINT('Ctrl Pts',(-42.6416502648693,584.197937374577,0.));
#1166=CARTESIAN_POINT('Ctrl Pts',(-43.0094187176215,584.569707783904,0.));
#1167=CARTESIAN_POINT('Ctrl Pts',(-43.352075970804,584.964131989267,0.));
#1168=CARTESIAN_POINT('Ctrl Pts',(-43.7449954427872,585.539984394366,0.));
#1169=CARTESIAN_POINT('Ctrl Pts',(-44.1338449986594,586.321776304735,0.));
#1170=CARTESIAN_POINT('Ctrl Pts',(-44.8617004219481,588.278736695269,0.));
#1171=CARTESIAN_POINT('Ctrl Pts',(-46.0402255815013,591.181137887637,0.));
#1172=CARTESIAN_POINT('Ctrl Pts',(-47.677242226348,595.023188298087,0.));
#1173=CARTESIAN_POINT('Ctrl Pts',(-49.4010787716205,598.827350329012,0.));
#1174=CARTESIAN_POINT('Ctrl Pts',(-51.2007175323887,602.596023008921,0.));
#1175=CARTESIAN_POINT('Ctrl Pts',(-53.0676115037523,606.332045149332,0.));
#1176=CARTESIAN_POINT('Ctrl Pts',(-54.369219982111,608.793220415407,0.));
#1177=CARTESIAN_POINT('Ctrl Pts',(-55.0200244483339,610.023808477755,0.));
#1178=CARTESIAN_POINT('',(-25.0747643722133,611.986524518047,0.));
#1179=CARTESIAN_POINT('Origin',(1.99840144432528E-14,598.432281040177,0.));
#1180=CARTESIAN_POINT('Origin',(0.,0.,0.));
#1181=CARTESIAN_POINT('',(15.0047563732415,612.316182446765,0.));
#1182=CARTESIAN_POINT('Origin',(0.,0.,0.));
#1183=CARTESIAN_POINT('',(-15.0047563732415,612.316182446765,0.));
#1184=CARTESIAN_POINT('Ctrl Pts',(15.0047563732415,612.316182446765,0.));
#1185=CARTESIAN_POINT('Ctrl Pts',(14.4358296394082,611.045664519312,0.));
#1186=CARTESIAN_POINT('Ctrl Pts',(13.2979765687001,608.504629550887,0.));
#1187=CARTESIAN_POINT('Ctrl Pts',(11.6794272994908,604.654505812993,0.));
#1188=CARTESIAN_POINT('Ctrl Pts',(10.1301246897617,600.776200144143,0.));
#1189=CARTESIAN_POINT('Ctrl Pts',(8.6587831117784,596.867438811796,0.));
#1190=CARTESIAN_POINT('Ctrl Pts',(7.27655356473099,592.926548515022,0.));
#1191=CARTESIAN_POINT('Ctrl Pts',(6.29037783827202,589.953282353087,0.));
#1192=CARTESIAN_POINT('Ctrl Pts',(5.69207214263606,587.952907942658,0.));
#1193=CARTESIAN_POINT('Ctrl Pts',(5.35518678085662,587.147357931027,0.));
#1194=CARTESIAN_POINT('Ctrl Pts',(5.00077112889211,586.547040307127,0.));
#1195=CARTESIAN_POINT('Ctrl Pts',(4.68464410846639,586.131049737654,0.));
#1196=CARTESIAN_POINT('Ctrl Pts',(4.34197802432686,585.736022109668,0.));
#1197=CARTESIAN_POINT('Ctrl Pts',(3.945609783255,585.394478940567,0.));
#1198=CARTESIAN_POINT('Ctrl Pts',(3.52380233994885,585.086082911812,0.));
#1199=CARTESIAN_POINT('Ctrl Pts',(3.06747189013296,584.829383100083,0.));
#1200=CARTESIAN_POINT('Ctrl Pts',(2.58177411748805,584.63574542542,0.));
#1201=CARTESIAN_POINT('Ctrl Pts',(2.08191565708779,584.483383052097,0.));
#1202=CARTESIAN_POINT('Ctrl Pts',(1.5663303926042,584.391163322572,0.));
#1203=CARTESIAN_POINT('Ctrl Pts',(0.869802119616375,584.364562080354,0.));
#1204=CARTESIAN_POINT('Ctrl Pts',(1.23859256184744E-14,584.381959137936,
0.));
#1205=CARTESIAN_POINT('Ctrl Pts',(-0.869802119616436,584.364562080353,0.));
#1206=CARTESIAN_POINT('Ctrl Pts',(-1.56633039260413,584.391163322572,0.));
#1207=CARTESIAN_POINT('Ctrl Pts',(-2.08191565708795,584.483383052097,0.));
#1208=CARTESIAN_POINT('Ctrl Pts',(-2.58177411748779,584.63574542542,0.));
#1209=CARTESIAN_POINT('Ctrl Pts',(-3.06747189013309,584.829383100082,0.));
#1210=CARTESIAN_POINT('Ctrl Pts',(-3.52380233994918,585.086082911811,0.));
#1211=CARTESIAN_POINT('Ctrl Pts',(-3.94560978325453,585.394478940568,0.));
#1212=CARTESIAN_POINT('Ctrl Pts',(-4.34197802432713,585.736022109668,0.));
#1213=CARTESIAN_POINT('Ctrl Pts',(-4.68464410846633,586.131049737654,0.));
#1214=CARTESIAN_POINT('Ctrl Pts',(-5.00077112889215,586.547040307127,0.));
#1215=CARTESIAN_POINT('Ctrl Pts',(-5.35518678085654,587.147357931028,0.));
#1216=CARTESIAN_POINT('Ctrl Pts',(-5.69207214263612,587.952907942658,0.));
#1217=CARTESIAN_POINT('Ctrl Pts',(-6.29037783827192,589.953282353088,0.));
#1218=CARTESIAN_POINT('Ctrl Pts',(-7.27655356473115,592.926548515022,0.));
#1219=CARTESIAN_POINT('Ctrl Pts',(-8.65878311177809,596.867438811797,0.));
#1220=CARTESIAN_POINT('Ctrl Pts',(-10.1301246897621,600.776200144143,0.));
#1221=CARTESIAN_POINT('Ctrl Pts',(-11.6794272994906,604.654505812993,0.));
#1222=CARTESIAN_POINT('Ctrl Pts',(-13.2979765687001,608.504629550888,0.));
#1223=CARTESIAN_POINT('Ctrl Pts',(-14.4358296394082,611.045664519312,0.));
#1224=CARTESIAN_POINT('Ctrl Pts',(-15.0047563732415,612.316182446765,0.));
#1225=CARTESIAN_POINT('Origin',(0.,0.,0.));
#1226=CARTESIAN_POINT('Origin',(0.,0.,0.));
#1227=CARTESIAN_POINT('Origin',(0.,0.,0.));
#1228=CARTESIAN_POINT('',(-15.0047563732415,612.316182446765,0.));
#1229=CARTESIAN_POINT('Origin',(0.,0.,0.));
#1230=CARTESIAN_POINT('Origin',(0.,0.,0.));
#1231=CARTESIAN_POINT('',(15.0047563732415,612.316182446765,0.));
#1232=CARTESIAN_POINT('Origin',(0.,0.,0.));
#1233=CARTESIAN_POINT('Ctrl Pts',(15.0047563732415,612.316182446765,0.));
#1234=CARTESIAN_POINT('Ctrl Pts',(15.0047563732415,612.316182446765,-37.5));
#1235=CARTESIAN_POINT('Ctrl Pts',(14.4358296394082,611.045664519312,0.));
#1236=CARTESIAN_POINT('Ctrl Pts',(14.4358296394082,611.045664519312,-37.5));
#1237=CARTESIAN_POINT('Ctrl Pts',(13.2979765687001,608.504629550887,0.));
#1238=CARTESIAN_POINT('Ctrl Pts',(13.2979765687001,608.504629550887,-37.5));
#1239=CARTESIAN_POINT('Ctrl Pts',(11.6794272994908,604.654505812993,0.));
#1240=CARTESIAN_POINT('Ctrl Pts',(11.6794272994908,604.654505812993,-37.5));
#1241=CARTESIAN_POINT('Ctrl Pts',(10.1301246897617,600.776200144143,0.));
#1242=CARTESIAN_POINT('Ctrl Pts',(10.1301246897617,600.776200144143,-37.5));
#1243=CARTESIAN_POINT('Ctrl Pts',(8.6587831117784,596.867438811796,0.));
#1244=CARTESIAN_POINT('Ctrl Pts',(8.6587831117784,596.867438811796,-37.5));
#1245=CARTESIAN_POINT('Ctrl Pts',(7.27655356473099,592.926548515022,0.));
#1246=CARTESIAN_POINT('Ctrl Pts',(7.27655356473099,592.926548515022,-37.5));
#1247=CARTESIAN_POINT('Ctrl Pts',(6.29037783827202,589.953282353087,0.));
#1248=CARTESIAN_POINT('Ctrl Pts',(6.29037783827202,589.953282353087,-37.5));
#1249=CARTESIAN_POINT('Ctrl Pts',(5.69207214263606,587.952907942658,0.));
#1250=CARTESIAN_POINT('Ctrl Pts',(5.69207214263606,587.952907942658,-37.5));
#1251=CARTESIAN_POINT('Ctrl Pts',(5.35518678085662,587.147357931027,0.));
#1252=CARTESIAN_POINT('Ctrl Pts',(5.35518678085662,587.147357931027,-37.5));
#1253=CARTESIAN_POINT('Ctrl Pts',(5.00077112889211,586.547040307127,0.));
#1254=CARTESIAN_POINT('Ctrl Pts',(5.00077112889211,586.547040307127,-37.5));
#1255=CARTESIAN_POINT('Ctrl Pts',(4.68464410846639,586.131049737654,0.));
#1256=CARTESIAN_POINT('Ctrl Pts',(4.68464410846639,586.131049737654,-37.5));
#1257=CARTESIAN_POINT('Ctrl Pts',(4.34197802432686,585.736022109668,0.));
#1258=CARTESIAN_POINT('Ctrl Pts',(4.34197802432686,585.736022109668,-37.5));
#1259=CARTESIAN_POINT('Ctrl Pts',(3.945609783255,585.394478940567,0.));
#1260=CARTESIAN_POINT('Ctrl Pts',(3.945609783255,585.394478940567,-37.5));
#1261=CARTESIAN_POINT('Ctrl Pts',(3.52380233994885,585.086082911812,0.));
#1262=CARTESIAN_POINT('Ctrl Pts',(3.52380233994885,585.086082911812,-37.5));
#1263=CARTESIAN_POINT('Ctrl Pts',(3.06747189013296,584.829383100083,0.));
#1264=CARTESIAN_POINT('Ctrl Pts',(3.06747189013296,584.829383100083,-37.5));
#1265=CARTESIAN_POINT('Ctrl Pts',(2.58177411748805,584.63574542542,0.));
#1266=CARTESIAN_POINT('Ctrl Pts',(2.58177411748805,584.63574542542,-37.5));
#1267=CARTESIAN_POINT('Ctrl Pts',(2.08191565708779,584.483383052097,0.));
#1268=CARTESIAN_POINT('Ctrl Pts',(2.08191565708779,584.483383052097,-37.5));
#1269=CARTESIAN_POINT('Ctrl Pts',(1.5663303926042,584.391163322572,0.));
#1270=CARTESIAN_POINT('Ctrl Pts',(1.5663303926042,584.391163322572,-37.5));
#1271=CARTESIAN_POINT('Ctrl Pts',(0.869802119616375,584.364562080354,0.));
#1272=CARTESIAN_POINT('Ctrl Pts',(0.869802119616375,584.364562080354,-37.5));
#1273=CARTESIAN_POINT('Ctrl Pts',(1.23859256184744E-14,584.381959137936,
0.));
#1274=CARTESIAN_POINT('Ctrl Pts',(1.23859256184744E-14,584.381959137936,
-37.5));
#1275=CARTESIAN_POINT('Ctrl Pts',(-0.869802119616436,584.364562080353,0.));
#1276=CARTESIAN_POINT('Ctrl Pts',(-0.869802119616436,584.364562080353,-37.5));
#1277=CARTESIAN_POINT('Ctrl Pts',(-1.56633039260413,584.391163322572,0.));
#1278=CARTESIAN_POINT('Ctrl Pts',(-1.56633039260413,584.391163322572,-37.5));
#1279=CARTESIAN_POINT('Ctrl Pts',(-2.08191565708795,584.483383052097,0.));
#1280=CARTESIAN_POINT('Ctrl Pts',(-2.08191565708795,584.483383052097,-37.5));
#1281=CARTESIAN_POINT('Ctrl Pts',(-2.58177411748779,584.63574542542,0.));
#1282=CARTESIAN_POINT('Ctrl Pts',(-2.58177411748779,584.63574542542,-37.5));
#1283=CARTESIAN_POINT('Ctrl Pts',(-3.06747189013309,584.829383100082,0.));
#1284=CARTESIAN_POINT('Ctrl Pts',(-3.06747189013309,584.829383100082,-37.5));
#1285=CARTESIAN_POINT('Ctrl Pts',(-3.52380233994918,585.086082911811,0.));
#1286=CARTESIAN_POINT('Ctrl Pts',(-3.52380233994918,585.086082911811,-37.5));
#1287=CARTESIAN_POINT('Ctrl Pts',(-3.94560978325453,585.394478940568,0.));
#1288=CARTESIAN_POINT('Ctrl Pts',(-3.94560978325453,585.394478940568,-37.5));
#1289=CARTESIAN_POINT('Ctrl Pts',(-4.34197802432713,585.736022109668,0.));
#1290=CARTESIAN_POINT('Ctrl Pts',(-4.34197802432713,585.736022109668,-37.5));
#1291=CARTESIAN_POINT('Ctrl Pts',(-4.68464410846633,586.131049737654,0.));
#1292=CARTESIAN_POINT('Ctrl Pts',(-4.68464410846633,586.131049737654,-37.5));
#1293=CARTESIAN_POINT('Ctrl Pts',(-5.00077112889215,586.547040307127,0.));
#1294=CARTESIAN_POINT('Ctrl Pts',(-5.00077112889215,586.547040307127,-37.5));
#1295=CARTESIAN_POINT('Ctrl Pts',(-5.35518678085654,587.147357931028,0.));
#1296=CARTESIAN_POINT('Ctrl Pts',(-5.35518678085654,587.147357931028,-37.5));
#1297=CARTESIAN_POINT('Ctrl Pts',(-5.69207214263612,587.952907942658,0.));
#1298=CARTESIAN_POINT('Ctrl Pts',(-5.69207214263612,587.952907942658,-37.5));
#1299=CARTESIAN_POINT('Ctrl Pts',(-6.29037783827192,589.953282353088,0.));
#1300=CARTESIAN_POINT('Ctrl Pts',(-6.29037783827192,589.953282353088,-37.5));
#1301=CARTESIAN_POINT('Ctrl Pts',(-7.27655356473115,592.926548515022,0.));
#1302=CARTESIAN_POINT('Ctrl Pts',(-7.27655356473115,592.926548515022,-37.5));
#1303=CARTESIAN_POINT('Ctrl Pts',(-8.65878311177809,596.867438811797,0.));
#1304=CARTESIAN_POINT('Ctrl Pts',(-8.65878311177809,596.867438811797,-37.5));
#1305=CARTESIAN_POINT('Ctrl Pts',(-10.1301246897621,600.776200144143,0.));
#1306=CARTESIAN_POINT('Ctrl Pts',(-10.1301246897621,600.776200144143,-37.5));
#1307=CARTESIAN_POINT('Ctrl Pts',(-11.6794272994906,604.654505812993,0.));
#1308=CARTESIAN_POINT('Ctrl Pts',(-11.6794272994906,604.654505812993,-37.5));
#1309=CARTESIAN_POINT('Ctrl Pts',(-13.2979765687001,608.504629550888,0.));
#1310=CARTESIAN_POINT('Ctrl Pts',(-13.2979765687001,608.504629550888,-37.5));
#1311=CARTESIAN_POINT('Ctrl Pts',(-14.4358296394082,611.045664519312,0.));
#1312=CARTESIAN_POINT('Ctrl Pts',(-14.4358296394082,611.045664519312,-37.5));
#1313=CARTESIAN_POINT('Ctrl Pts',(-15.0047563732415,612.316182446765,0.));
#1314=CARTESIAN_POINT('Ctrl Pts',(-15.0047563732415,612.316182446765,-37.5));
#1315=UNCERTAINTY_MEASURE_WITH_UNIT(LENGTH_MEASURE(0.01),#1319,
'DISTANCE_ACCURACY_VALUE',
'Maximum model space distance between geometric entities at asserted c
onnectivities');
#1316=UNCERTAINTY_MEASURE_WITH_UNIT(LENGTH_MEASURE(0.01),#1319,
'DISTANCE_ACCURACY_VALUE',
'Maximum model space distance between geometric entities at asserted c
onnectivities');
#1317=(
GEOMETRIC_REPRESENTATION_CONTEXT(3)
GLOBAL_UNCERTAINTY_ASSIGNED_CONTEXT((#1315))
GLOBAL_UNIT_ASSIGNED_CONTEXT((#1319,#1321,#1322))
REPRESENTATION_CONTEXT('','3D')
);
#1318=(
GEOMETRIC_REPRESENTATION_CONTEXT(3)
GLOBAL_UNCERTAINTY_ASSIGNED_CONTEXT((#1316))
GLOBAL_UNIT_ASSIGNED_CONTEXT((#1319,#1321,#1322))
REPRESENTATION_CONTEXT('','3D')
);
#1319=(
LENGTH_UNIT()
NAMED_UNIT(*)
SI_UNIT(.MILLI.,.METRE.)
);
#1320=(
LENGTH_UNIT()
NAMED_UNIT(*)
SI_UNIT(.CENTI.,.METRE.)
);
#1321=(
NAMED_UNIT(*)
PLANE_ANGLE_UNIT()
SI_UNIT($,.RADIAN.)
);
#1322=(
NAMED_UNIT(*)
SI_UNIT($,.STERADIAN.)
SOLID_ANGLE_UNIT()
);
#1323=SHAPE_DEFINITION_REPRESENTATION(#1324,#1325);
#1324=PRODUCT_DEFINITION_SHAPE('',$,#1327);
#1325=SHAPE_REPRESENTATION('',(#321),#1317);
#1326=PRODUCT_DEFINITION_CONTEXT('part definition',#1331,'design');
#1327=PRODUCT_DEFINITION('DMF sector big gear 2.1',
'DMF sector big gear 2.1',#1328,#1326);
#1328=PRODUCT_DEFINITION_FORMATION('',$,#1333);
#1329=PRODUCT_RELATED_PRODUCT_CATEGORY('DMF sector big gear 2.1',
'DMF sector big gear 2.1',(#1333));
#1330=APPLICATION_PROTOCOL_DEFINITION('international standard',
'automotive_design',2009,#1331);
#1331=APPLICATION_CONTEXT(
'Core Data for Automotive Mechanical Design Process');
#1332=PRODUCT_CONTEXT('part definition',#1331,'mechanical');
#1333=PRODUCT('DMF sector big gear 2.1','DMF sector big gear 2.1',$,(#1332));
#1334=PRESENTATION_STYLE_ASSIGNMENT((#1335));
#1335=SURFACE_STYLE_USAGE(.BOTH.,#1338);
#1336=SURFACE_STYLE_RENDERING_WITH_PROPERTIES($,#1342,(#1337));
#1337=SURFACE_STYLE_TRANSPARENT(0.);
#1338=SURFACE_SIDE_STYLE('',(#1339,#1336));
#1339=SURFACE_STYLE_FILL_AREA(#1340);
#1340=FILL_AREA_STYLE('',(#1341));
#1341=FILL_AREA_STYLE_COLOUR('',#1342);
#1342=COLOUR_RGB('',1.,0.968627450980392,0.725490196078431);
ENDSEC;
END-ISO-10303-21;
